name,point,type
桂景苑,"[[121.41966599978616, 30.795517710274154]]",1.0
护塘小区（南门）,"[[121.37554368009683, 30.796214534673048]]",1.0
中一东路小区（康发）,"[[121.4161434002978, 30.79669482030973]]",1.0
中一东路小区（山青）,"[[121.41467225961723, 30.79700369966107]]",1.0
中一东路小区（住盛）,"[[121.41237060042297, 30.797232120266166]]",1.0
金桂花苑,"[[121.40359722013565, 30.798008774785174]]",1.0
护塘小区（北口）,"[[121.37571306020962, 30.79815308989322]]",1.0
中一东路小区（康鑫）,"[[121.41406187985191, 30.798202680309522]]",1.0
海涯新苑,"[[121.38486768019933, 30.79839811468132]]",1.0
漕泾新苑,"[[121.39872966024564, 30.799130535146134]]",1.0
绿地漕泾新苑一期,"[[121.4005483799039, 30.799859084928855]]",1.0
绿地漕泾新苑二期,"[[121.40034858022284, 30.799879200065078]]",1.0
汇安小区,"[[121.40071776001659, 30.802077539746747]]",1.0
蒋庄小区（西区）,"[[121.3569219598807, 30.810381660085582]]",1.0
蒋庄小区,"[[121.36108554036552, 30.81131581467313]]",1.0
贵宾楼别墅区,"[[121.46033645975993, 30.817392840407315]]",1.0
棕榈滩别墅二期,"[[121.52370798003928, 30.818986379717693]]",1.0
棕榈滩·东海岸,"[[121.51566629986002, 30.81978769544586]]",1.0
阮巷小区,"[[121.37967648038531, 30.81990744017626]]",1.0
棕榈滩别墅,"[[121.51732931989227, 30.82030987510067]]",1.0
海湾世纪佳苑,"[[121.52196791958383, 30.821796000285268]]",1.0
三景苑,"[[121.52364102011697, 30.822318179940076]]",1.0
阳光海岸,"[[121.51279511979902, 30.823376490432736]]",1.0
棕榈滩海景城,"[[121.53129425972239, 30.82365764998056]]",1.0
奉贤金海湾花苑,"[[121.53162528038243, 30.824158319650813]]",1.0
旭辉·圆石滩,"[[121.50876077998612, 30.825313020379625]]",1.0
棕榈滩海景城二期,"[[121.54060043975858, 30.825459269929432]]",1.0
棕榈滩高尔夫别墅,"[[121.54218371960306, 30.826221480437027]]",1.0
绿地·香颂,"[[121.5100540797321, 30.826675260355024]]",1.0
金海湾休闲花苑,"[[121.52209301977715, 30.826799009766546]]",1.0
海悦,"[[121.52940443966328, 30.8268673195712]]",1.0
海湾艺墅,"[[121.52075111976842, 30.82708763998263]]",1.0
珊瑚湾,"[[121.53105846017992, 30.828330045295388]]",1.0
海畔家园（二期）,"[[121.46278806022087, 30.828750615048904]]",1.0
海湾新家园,"[[121.52171447983952, 30.829059855028305]]",1.0
冯桥新村,"[[121.47946650017889, 30.829368825211162]]",1.0
招商·海廷C区,"[[121.51154987982318, 30.830278994879777]]",1.0
康乐A区,"[[121.46901894017199, 30.83059710037594]]",1.0
招商·海廷,"[[121.51130004006487, 30.8307890246938]]",1.0
沪林新村,"[[121.46694119957685, 30.831090525107683]]",1.0
目华新村,"[[121.46553630026006, 30.831106364866876]]",1.0
圣地雅歌·海墅,"[[121.51465631983328, 30.83199349480403]]",1.0
海岸景苑,"[[121.47457734037201, 30.832581420296407]]",1.0
竹港新村,"[[121.47207839959859, 30.83270399968989]]",1.0
花苑新村,"[[121.42779047964703, 30.83278342511506]]",1.0
一号新村,"[[121.52109743969513, 30.833181494730283]]",1.0
华苑西区,"[[121.42188954027017, 30.83353231486447]]",1.0
花苑一区,"[[121.42422989998997, 30.83520167961384]]",1.0
海思公寓,"[[121.50935441977074, 30.835485674724204]]",1.0
华东理工大学奉贤校区－学生公寓5～8号,"[[121.49983439983775, 30.835582334756978]]",1.0
胡桥苑,"[[121.42439009982328, 30.835601549671793]]",1.0
华东理工大学奉贤校区－学生公寓1～4号,"[[121.50151110035716, 30.83560798522042]]",1.0
教工苑,"[[121.42707983986278, 30.835771290412723]]",1.0
华东理工大学奉贤校区－学生公寓9～12号,"[[121.50151055986453, 30.835797479570054]]",1.0
华东理工大学奉贤校区－学生公寓17～20号,"[[121.49975339969969, 30.836521170315784]]",1.0
华东理工大学奉贤校区－学生公寓13～16号,"[[121.5015195602796, 30.836726144695923]]",1.0
乐怡苑,"[[121.47112295985677, 30.837747150410742]]",1.0
上海师范大学奉贤校区－晨曦楼,"[[121.5129879002715, 30.840026445264307]]",1.0
上海师范大学奉贤校区－韵景楼,"[[121.51288746038806, 30.840255945055837]]",1.0
上海师范大学奉贤校区－恒馨楼,"[[121.51229526041801, 30.840434009921708]]",1.0
上海师范大学奉贤校区－凝华楼,"[[121.51273661979914, 30.840565185035324]]",1.0
海尚墅林苑,"[[121.5049692598235, 30.8405824646091]]",1.0
柘林·海韵馨苑,"[[121.48323300030276, 30.840589169954264]]",1.0
上海师范大学奉贤校区－沁馨楼,"[[121.51016729988099, 30.841177095446646]]",1.0
新院邨,"[[121.5180358200971, 30.84118078536497]]",1.0
上海师范大学奉贤校区－星辰楼,"[[121.51076921972376, 30.84141861018081]]",1.0
大树中心村,"[[121.41841265961656, 30.842580330118217]]",1.0
世茂爱马尚郡西区,"[[121.55913503995018, 30.859682984781983]]",1.0
世茂爱马尚郡东区,"[[121.55941530017606, 30.85975309502937]]",1.0
上海市星火开发区明城新村,"[[121.55699681994736, 30.861344115338646]]",1.0
海滨二村,"[[121.56466086041041, 30.861605925073427]]",1.0
海滨一村,"[[121.5645413396112, 30.86193622537654]]",1.0
世茂爱马尚郡叠墅,"[[121.56121025974575, 30.862245825084806]]",1.0
明城玫瑰园,"[[121.55418917968697, 30.863605680058143]]",1.0
海滨二村北区,"[[121.56348563985043, 30.864898799939716]]",1.0
世茂海滨馨苑,"[[121.56012485987443, 30.865428630127177]]",1.0
真火炭烤鱼枣阳路店,"[[121.56097572015346, 30.865648994605486]]",1.0
明城海湾新苑,"[[121.55698385981741, 30.865678200088936]]",1.0
诺华公寓,"[[121.72735871992903, 30.866190524972787]]",1.0
中港小区二三村,"[[121.72730796039414, 30.86659989007292]]",1.0
海城小区,"[[121.72697838044796, 30.86661042023473]]",1.0
中港一村,"[[121.73391791987612, 30.867898184653562]]",1.0
海城花苑,"[[121.7242792802647, 30.86823195004453]]",1.0
燎原小区一村北村,"[[121.63645566030047, 30.86915940018619]]",1.0
钱桥新苑,"[[121.53469661985318, 30.870937935437446]]",1.0
龙泉新村,"[[121.53825791986718, 30.871646909677203]]",1.0
洪卫港新村,"[[121.68782171959671, 30.874499189585997]]",1.0
洪卫新村,"[[121.68730170011341, 30.874879350101956]]",1.0
丰新村,"[[121.53900942034849, 30.87597586469441]]",1.0
文化新村,"[[121.53876875997037, 30.876145289773355]]",1.0
五四兴隆村,"[[121.72832676007201, 30.880208430374843]]",1.0
杨王苑,"[[121.49768915972695, 30.892970205011004]]",1.0
青村镇申隆二村,"[[121.56060239988099, 30.89304009042783]]",1.0
海港新苑,"[[121.73493366006036, 30.894788744804778]]",1.0
平安富邸二期,"[[121.7400236996341, 30.89644645523974]]",1.0
平安富邸,"[[121.73347385983087, 30.89688835511359]]",1.0
庄行新苑南区,"[[121.39187922024985, 30.897122265180464]]",1.0
五星花园别墅,"[[121.42688616006835, 30.898116720210517]]",1.0
杨王村,"[[121.49766863989588, 30.89816707505055]]",1.0
平苑小区,"[[121.7324539800671, 30.89868803972133]]",1.0
丽水湾,"[[121.38282360032898, 30.89886511533284]]",1.0
平苑小区北区,"[[121.73432291966708, 30.899226194933014]]",1.0
红庄新苑,"[[121.71797352006199, 30.90001009528973]]",1.0
塘外人民小区,"[[121.60934261956632, 30.900832019881847]]",1.0
庄行新苑,"[[121.39250472031671, 30.901416209590458]]",1.0
庄行新苑北区,"[[121.39202484027416, 30.901606245331998]]",1.0
庄行茗苑,"[[121.39474283971035, 30.901844384910454]]",1.0
阳光园西区,"[[121.44631968030912, 30.901872825070903]]",1.0
塘外文化小区,"[[121.61567969955854, 30.902267474564347]]",1.0
国亭富港商务名都,"[[121.73971986008351, 30.902330070076765]]",1.0
江海二村安全小区南区,"[[121.45155120032773, 30.902672295390182]]",1.0
盐行花苑,"[[121.57855992040402, 30.90327547518305]]",1.0
江海二村安全小区东区,"[[121.45441770031665, 30.903297614693187]]",1.0
平安新苑,"[[121.7314938602535, 30.903565770044267]]",1.0
江海二村安全小区西区,"[[121.45158126016715, 30.903641865279894]]",1.0
锦华大厦,"[[121.44622932002719, 30.90379166984971]]",1.0
阳光春城,"[[121.44399443999149, 30.904267230448433]]",1.0
江海二村安全小区,"[[121.45173156026343, 30.904311780164527]]",1.0
庄南小区,"[[121.39335126025253, 30.904381799580477]]",1.0
阳光园,"[[121.44740201978743, 30.904423559599657]]",1.0
南桥雅苑,"[[121.44800322017255, 30.905064404798516]]",1.0
紫苑小区,"[[121.61250233991106, 30.90507898460752]]",1.0
通阳公寓,"[[121.44552785962313, 30.90509968520236]]",1.0
杨王职工公寓,"[[121.48449227959507, 30.90516484468195]]",1.0
朝阳新村,"[[121.50542555964196, 30.905336070203532]]",1.0
申亚乐庭,"[[121.39680959958345, 30.905489744556156]]",1.0
周祝公路六灶桥,"[[121.45036842006661, 30.905518635276813]]",1.0
锦绣公寓,"[[121.4552998803853, 30.905598239667093]]",1.0
康碧苑,"[[121.63644701961435, 30.905702099672226]]",1.0
奉铭佳苑,"[[121.63675662022199, 30.90589159492123]]",1.0
佳兆业8号香溢雅园,"[[121.41639503959945, 30.905923410237207]]",1.0
江海花园,"[[121.45808808000092, 30.906174914640644]]",1.0
阳光家园,"[[121.44302226026917, 30.906254385031893]]",1.0
佳源·名人公馆,"[[121.63680648043476, 30.90649117472801]]",1.0
阳光园北区,"[[121.44118824044506, 30.90659076025539]]",1.0
中国产学研人才公寓,"[[121.49633322040187, 30.906628154965382]]",1.0
普康苑,"[[121.46764806040974, 30.906709469866243]]",1.0
浦南园,"[[121.46816969957209, 30.9068207546741]]",1.0
江海新村安全小区南区,"[[121.45036842006661, 30.90691791023343]]",1.0
阳光四季园,"[[121.44619926018777, 30.907030005330547]]",1.0
南桥镇育秀六区,"[[121.45914090013254, 30.907346760045]]",1.0
龙达新苑,"[[121.64146091988559, 30.907644885303263]]",1.0
娜欧佳苑,"[[121.64474574042364, 30.90792959987118]]",1.0
富康花苑,"[[121.46571180025948, 30.908173499607322]]",1.0
开启别墅,"[[121.43634750013709, 30.90820072478366]]",1.0
正阳世纪星城三期A区,"[[121.47188148044596, 30.90845960992312]]",1.0
江海新村,"[[121.45312458043509, 30.908792205296137]]",1.0
奉德苑,"[[121.63634675959531, 30.90882019489611]]",1.0
正阳·领郡,"[[121.47474059969895, 30.908826945207444]]",1.0
奉德苑东区,"[[121.6368462601469, 30.908829644972208]]",1.0
正阳世纪星城3期丽骏湾,"[[121.47445979987991, 30.90891613457196]]",1.0
育秀七居小区,"[[121.46814954036907, 30.90903939025575]]",1.0
中建·公元壹号,"[[121.64972670032702, 30.909070034654412]]",1.0
光伟小区,"[[121.51308257999715, 30.9090768748979]]",1.0
育秀十一区,"[[121.46742720040506, 30.909247380062638]]",1.0
贝港新村南区,"[[121.44187962034826, 30.909250665286024]]",1.0
育秀五区,"[[121.45637214026218, 30.90931843459814]]",1.0
南亭公寓,"[[121.4565325199599, 30.909618630095757]]",1.0
灯民小区,"[[121.62529835983153, 30.909662054760062]]",1.0
江海新村安全小区东北区,"[[121.45121027993056, 30.90969809958763]]",1.0
景源名墅,"[[121.41539459958116, 30.90974125535468]]",1.0
军民花苑,"[[121.44619926018777, 30.909788594767868]]",1.0
正阳世纪星城三期D区,"[[121.47547284029937, 30.90996819027984]]",1.0
育秀一区,"[[121.45806701967732, 30.910082174852555]]",1.0
贝港花苑,"[[121.43989511966413, 30.910096260034464]]",1.0
正阳·世纪星城二期,"[[121.47333606011111, 30.910132439760346]]",1.0
江海新村安全小区西北区,"[[121.44921588040859, 30.91029403534153]]",1.0
华宛小区,"[[121.45418675981118, 30.91036338026582]]",1.0
南桥镇贝港八区,"[[121.44544739997768, 30.910406759964054]]",1.0
申凡苑,"[[121.44552767975873, 30.91050684011862]]",1.0
车站新村,"[[121.63499765961433, 30.910590450089302]]",1.0
育秀七区,"[[121.46154821977466, 30.910900905052728]]",1.0
庄北小区,"[[121.3922786397475, 30.91101605964348]]",1.0
育秀二区,"[[121.46131746003276, 30.91111015480989]]",1.0
育秀九区,"[[121.46642369999384, 30.91113360013557]]",1.0
育秀东区,"[[121.46321339997851, 30.911385014606772]]",1.0
中心公馆,"[[121.45351518028141, 30.91187128523169]]",1.0
车站新村北区,"[[121.63830390020487, 30.911885910006774]]",1.0
永昌新村,"[[121.64254902042103, 30.91198086042843]]",1.0
育秀三居小区,"[[121.4645477402861, 30.912038145444093]]",1.0
南星新村,"[[121.4547780595599, 30.912053624575137]]",1.0
申凡公寓,"[[121.45419666044758, 30.912262334739047]]",1.0
正阳世纪星城莱茵之恋,"[[121.4705568600111, 30.912383789979934]]",1.0
众旺苑,"[[121.43752938017678, 30.91259002520954]]",1.0
育秀公寓,"[[121.45641156024537, 30.91260640456199]]",1.0
正阳世纪星城米兰风尚,"[[121.47559307965696, 30.912646904630975]]",1.0
正阳世纪星城英伦风情,"[[121.47076764041438, 30.912714135249203]]",1.0
紫荆公寓,"[[121.45066865963102, 30.912735239639616]]",1.0
城南丽景新苑,"[[121.6396423800918, 30.91292369976899]]",1.0
贝港新村,"[[121.43913282012366, 30.913342604877364]]",1.0
贝港三区,"[[121.44059603957567, 30.913465365034604]]",1.0
万明花园,"[[121.50536471960619, 30.913770915095682]]",1.0
贝港七区,"[[121.44330198000242, 30.91382032474823]]",1.0
卓越·世纪中心,"[[121.48556490010012, 30.914002440160488]]",1.0
新发展公寓,"[[121.45254263993094, 30.91402799979241]]",1.0
新发展公寓东区,"[[121.45329432027674, 30.91421929458486]]",1.0
贝港第二居民区,"[[121.44316157964334, 30.914219790111325]]",1.0
古华一区,"[[121.46011289999038, 30.914374725313415]]",1.0
绅鸿苑,"[[121.4754624000698, 30.91437557966929]]",1.0
解放新村南区,"[[121.4511695999971, 30.914445060391266]]",1.0
南中新村,"[[121.45322412009719, 30.914638875084094]]",1.0
正阳世纪星城居礼苑,"[[121.47495083960959, 30.914734005370143]]",1.0
名仕苑,"[[121.4719011000558, 30.91481590483025]]",1.0
解放新村西区,"[[121.44679974021588, 30.914866349602427]]",1.0
卓越世纪中心东区,"[[121.48991963957971, 30.91491413957592]]",1.0
金鹏花苑,"[[121.46116607985077, 30.915086984776558]]",1.0
育秀四区,"[[121.46639309966189, 30.91526099999524]]",1.0
行知苑,"[[121.4716501802117, 30.915264959710193]]",1.0
解放新村,"[[121.44856355986045, 30.915329444698123]]",1.0
罗兰·新墅,"[[121.43043162032316, 30.915362295133917]]",1.0
联运大厦,"[[121.46455710042994, 30.915415890231166]]",1.0
众旺苑（北区）,"[[121.43684843960389, 30.91557770974353]]",1.0
文华苑,"[[121.47047640036567, 30.915761579733164]]",1.0
正阳世纪星城芳邻苑,"[[121.47408792032138, 30.91581108021723]]",1.0
解放四区永欣新村,"[[121.44592745988436, 30.915863999923715]]",1.0
古华一区北区,"[[121.45832711980088, 30.91616910032377]]",1.0
解放新村北区,"[[121.45028724006407, 30.916242135166478]]",1.0
贝港一区,"[[121.4396834399389, 30.916301715252054]]",1.0
贝港新村北区,"[[121.44081600025822, 30.91688347499244]]",1.0
贝港二区,"[[121.442259059608, 30.91694620540308]]",1.0
万明花苑,"[[121.50009558004703, 30.917123235149234]]",1.0
曙光新村,"[[121.46371361998766, 30.917192130412595]]",1.0
总部1号A栋,"[[121.48051842008908, 30.917497050048887]]",1.0
绿地新城1号A5楼,"[[121.48598592041401, 30.91754146486676]]",1.0
城投望园楼,"[[121.45814675986519, 30.91790776503136]]",1.0
新泰馨苑,"[[121.44750066012742, 30.91791564039456]]",1.0
总部1号B栋公寓,"[[121.48102997964983, 30.917938139633478]]",1.0
奉城新都,"[[121.62764663988061, 30.917955689903252]]",1.0
曙光新区,"[[121.46881014007602, 30.91800523535339]]",1.0
亿阳公寓,"[[121.44859308010669, 30.918027689626236]]",1.0
总部1号C栋公寓,"[[121.48186266013377, 30.9180402900274]]",1.0
新都花苑,"[[121.62648798033604, 30.91827698979128]]",1.0
曙光新苑,"[[121.46951231993765, 30.918306869766305]]",1.0
立新新村南区,"[[121.45434606032245, 30.918328695413017]]",1.0
盛富路仙境桥,"[[121.48457130032538, 30.91837724981032]]",1.0
绿地海珀华庭,"[[121.44602736017461, 30.918402494679448]]",1.0
绿地·望海新都,"[[121.48747073978289, 30.91841487025006]]",1.0
馨雅名筑,"[[121.47732792044727, 30.91862776495939]]",1.0
古华二区,"[[121.46327154024951, 30.918709665318865]]",1.0
庙泾新村,"[[121.48400951992346, 30.918715560374864]]",1.0
绿地海珀华庭东区,"[[121.44626783978906, 30.918792689830838]]",1.0
银河丽湾,"[[121.48767125982089, 30.918845159876305]]",1.0
绿地·领御,"[[121.48652753981409, 30.91890208516319]]",1.0
古华A区,"[[121.46477651972069, 30.918903569943843]]",1.0
立新新村,"[[121.45410557980873, 30.919017780246392]]",1.0
百富苑,"[[121.44820193976773, 30.919296060165053]]",1.0
化工新村,"[[121.4485126195618, 30.919356630404188]]",1.0
立新新村东区,"[[121.45513841970242, 30.919479975120765]]",1.0
金海苑南区,"[[121.49553905967988, 30.919918005211805]]",1.0
华龙公寓,"[[121.47417701975375, 30.919958144652732]]",1.0
古华B区,"[[121.4621280001072, 30.92016590962907]]",1.0
金海苑,"[[121.49541863955855, 30.920187510445317]]",1.0
金海苑北区,"[[121.49541863955855, 30.920187510445317]]",1.0
金昊雅苑,"[[121.49743589984703, 30.920223510306805]]",1.0
横泾新村,"[[121.45616135985892, 30.920251949567884]]",1.0
运河新村,"[[121.45754519975128, 30.920505075448943]]",1.0
古华A区北区,"[[121.4639933397209, 30.920630039844482]]",1.0
良友新村,"[[121.4639933397209, 30.920630039844482]]",1.0
亿丰·南桥星座,"[[121.50867582013302, 30.92070676460552]]",1.0
民旺苑,"[[121.43686932006312, 30.920725980419704]]",1.0
运河二区,"[[121.4589992398231, 30.921168105124018]]",1.0
蓝天苑,"[[121.47276168020747, 30.92158295968592]]",1.0
民旺苑南区,"[[121.43431691998987, 30.921583545144536]]",1.0
航星新村,"[[121.4619375596707, 30.921604740366554]]",1.0
南桥半岛,"[[121.47909246044875, 30.921859844756078]]",1.0
奉苑新村,"[[121.46137596003254, 30.921933285193013]]",1.0
万隆花苑,"[[121.46355216020416, 30.92200834530891]]",1.0
丽江苑,"[[121.4663403598198, 30.922115129909365]]",1.0
民旺苑北区,"[[121.4342369999377, 30.922283205105877]]",1.0
万龙新村,"[[121.46836680038759, 30.92265017976205]]",1.0
苏宁荣悦,"[[121.48392816005662, 30.922672410103708]]",1.0
张弄盛苑,"[[121.51651283979584, 30.92308825481917]]",1.0
新民旺苑,"[[121.44284928017021, 30.92354293495849]]",1.0
褚家荣苑,"[[121.51137510018077, 30.9241928696053]]",1.0
褚家华苑,"[[121.5147972597857, 30.92423300994551]]",1.0
鹏峰花苑,"[[121.68447173957924, 30.925266929924916]]",1.0
浦泾苑,"[[121.50038591987433, 30.925449405066047]]",1.0
南桥半岛（二期）,"[[121.47976368024965, 30.92545907997261]]",1.0
奉馨园,"[[121.63736574003693, 30.925590389984542]]",1.0
上海电子信息职业技术学院生活园区,"[[121.68861407987596, 30.926049119771143]]",1.0
锦苑花园,"[[121.68405233984367, 30.92654695477823]]",1.0
金辉南桥馨苑,"[[121.46918814042047, 30.926689109714673]]",1.0
树园新苑,"[[121.46564825955957, 30.926710845429234]]",1.0
欣乐别墅,"[[121.68353340044608, 30.9267278102403]]",1.0
岳和花苑,"[[121.56364223969766, 30.927171599589748]]",1.0
新民旺苑北区,"[[121.44322943978698, 30.92741104498375]]",1.0
南郊庄园,"[[121.47706422033752, 30.927810104752623]]",1.0
九华丽苑,"[[121.4566029000039, 30.927969089601824]]",1.0
天鹅湾,"[[121.4675535596491, 30.92814454463508]]",1.0
弘泽欣园,"[[121.46043366028525, 30.928337864700723]]",1.0
南郊美墅,"[[121.48471008010621, 30.92838115536609]]",1.0
南郊一品,"[[121.48712856033492, 30.928448250186634]]",1.0
银欣花苑,"[[121.68580896041524, 30.92852254497953]]",1.0
南郊御墅,"[[121.47678305989041, 30.9288087002614]]",1.0
安全小区,"[[121.68700650034975, 30.928880115425045]]",1.0
绿地南桥新苑二期,"[[121.46485608004409, 30.929417640211952]]",1.0
同盛南桥花园,"[[121.4541260996399, 30.9296624401695]]",1.0
奥克苑,"[[121.45963158013343, 30.929765265054996]]",1.0
泰和名都,"[[121.47844859982305, 30.9298727250463]]",1.0
汤臣臻园,"[[121.47612065974067, 30.929886224769504]]",1.0
九华南苑,"[[121.4595412198515, 30.929904945057224]]",1.0
北唐新苑,"[[121.57090577967799, 30.930310665205106]]",1.0
汇贤铭邸,"[[121.45548996019355, 30.93102494994153]]",1.0
四合加苑,"[[121.68879299999699, 30.93104555970485]]",1.0
恒盛·湖畔豪庭西区,"[[121.48191018031065, 30.931171650051724]]",1.0
秋月朗庭,"[[121.45724496018678, 30.931228935067296]]",1.0
北港小区,"[[121.5789679796886, 30.93126943513637]]",1.0
汤臣臻园2区,"[[121.47840827961855, 30.931321725317446]]",1.0
恒盛·湖畔豪庭,"[[121.48525170040566, 30.93133108456194]]",1.0
和景苑,"[[121.57854767973171, 30.93169900530488]]",1.0
馨雅名筑,"[[121.48730892027052, 30.931806959923364]]",1.0
恒盛·湖畔豪庭北区,"[[121.48511112018211, 30.931860375156226]]",1.0
宝龙城市广场,"[[121.45704444014879, 30.93237787473923]]",1.0
绿地南桥新苑,"[[121.46169834000645, 30.933458865234485]]",1.0
华龙别墅,"[[121.46865948025086, 30.933876329629]]",1.0
航星二村,"[[121.46036454019142, 30.933925470384203]]",1.0
锦梓家园,"[[121.46266152021306, 30.934031219864927]]",1.0
九华新园,"[[121.45546008021861, 30.9346430403441]]",1.0
九华苑,"[[121.45643334002673, 30.93533541040094]]",1.0
锦港佳苑,"[[121.7346991195688, 30.935594204708792]]",1.0
奉浦苑,"[[121.46020505981576, 30.93621475490704]]",1.0
秀枫苑,"[[121.44934296000966, 30.936337919759225]]",1.0
秀月花园,"[[121.44919265991338, 30.93672734958752]]",1.0
合景万景峰,"[[121.48673633991015, 30.936922335197664]]",1.0
景河苑,"[[121.45273308036744, 30.937225859985546]]",1.0
文广苑,"[[121.72289651955884, 30.938012774869733]]",1.0
恒龙尚品嘉苑,"[[121.45075758009828, 30.938240744914445]]",1.0
滨河新苑,"[[121.7161416604093, 30.938388974771456]]",1.0
玫瑰苑,"[[121.45943393972459, 30.93930215986682]]",1.0
上院南区,"[[121.44812040003649, 30.939963749727312]]",1.0
半岛君望,"[[121.4642084395679, 30.940023825339352]]",1.0
百合苑小区,"[[121.46283432044754, 30.940140329812444]]",1.0
鹏程3村,"[[121.7177200803175, 30.940935704619086]]",1.0
白沙西苑,"[[121.50890405997453, 30.94236440988962]]",1.0
奉浦二村,"[[121.45793022020361, 30.942397395223637]]",1.0
天鹏一区,"[[121.72183721981199, 30.94245130508368]]",1.0
白沙通苑,"[[121.5095061596816, 30.942456075087804]]",1.0
天鹏三区,"[[121.72307633990128, 30.942570194558833]]",1.0
兴贤公寓,"[[121.45899347966542, 30.94263994507744]]",1.0
商宝公寓,"[[121.45899347966542, 30.94263994507744]]",1.0
天鹏二区,"[[121.72178717973466, 30.942721215012135]]",1.0
白沙恒苑,"[[121.51338965980504, 30.942837000027573]]",1.0
白沙东苑,"[[121.51382112034842, 30.9428581952496]]",1.0
景怡佳苑,"[[121.45618511994739, 30.942902879864093]]",1.0
上院北区,"[[121.4469676796148, 30.942929880209874]]",1.0
聚贤煌都,"[[121.46082984042488, 30.94642327511407]]",1.0
华盛佳园,"[[121.64687855999767, 30.946692419719433]]",1.0
华盛新苑,"[[121.64342454011049, 30.949716870337383]]",1.0
富民新村,"[[121.63668821958572, 30.95136049469116]]",1.0
大宅新村,"[[121.63994802008521, 30.952599075187187]]",1.0
申华大楼,"[[121.6408980602973, 30.95364829533262]]",1.0
齐贤中心安全小区,"[[121.5062832601644, 30.954519089984032]]",1.0
金水新苑,"[[121.48897247989613, 30.954887999981246]]",1.0
齐缘公寓,"[[121.50979523955871, 30.955378590049904]]",1.0
南百小区,"[[121.50747720011272, 30.956151464718346]]",1.0
新华小区,"[[121.50709577964656, 30.95695984462119]]",1.0
金水苑,"[[121.4909994600571, 30.957702344687505]]",1.0
百曲雅园,"[[121.51452114003864, 30.959589464981846]]",1.0
金水佳苑,"[[121.49309664039768, 30.959937224723205]]",1.0
新叶村,"[[121.36921055981956, 30.96030851972249]]",1.0
邬桥汇南小区东区,"[[121.39629353981502, 30.960964934883826]]",1.0
邬桥汇南小区,"[[121.39587396021516, 30.961325115161962]]",1.0
百曲乐苑,"[[121.51253393958973, 30.961422584584717]]",1.0
百曲和苑,"[[121.51295550039609, 30.961433790137377]]",1.0
陈湾小区,"[[121.44467501993634, 30.96199754994697]]",1.0
南桥新城金水丽苑,"[[121.48990560026333, 30.962196675136553]]",1.0
肖塘新村南区,"[[121.44045294035092, 30.962557080245155]]",1.0
肖塘新村北区,"[[121.44033252022976, 30.962906640429154]]",1.0
邬桥耀光小区,"[[121.392377100223, 30.96319693529037]]",1.0
弯弯新村,"[[121.44309048014159, 30.96339309001918]]",1.0
泰申花园,"[[121.43832678025672, 30.963521520401954]]",1.0
荷庭养生农庄,"[[121.51940760008074, 30.963550949816508]]",1.0
弯弯别墅,"[[121.44355181976071, 30.963554100141664]]",1.0
邬桥汇安小区,"[[121.3951743002539, 30.963934079893946]]",1.0
同润·蓝美俊庭,"[[121.74222672028702, 30.964115025288258]]",1.0
乐康苑,"[[121.43247965990847, 30.96461497460141]]",1.0
南行贤苑,"[[121.51183122013484, 30.964708440242326]]",1.0
南行达苑,"[[121.5121723203963, 30.964719420065244]]",1.0
永晖花苑,"[[121.73994630038158, 30.965064749838376]]",1.0
永晖公寓,"[[121.74243678033326, 30.965884064597965]]",1.0
千汇小区,"[[121.39417475955756, 30.966783120444717]]",1.0
南行兴苑,"[[121.5108975601743, 30.968213490360384]]",1.0
南行旺苑,"[[121.51150955961847, 30.96826524004883]]",1.0
汇金星城,"[[121.74288641977255, 30.970101509976764]]",1.0
金玉佳苑,"[[121.74296633982473, 30.970601190392742]]",1.0
金团花苑,"[[121.73436540004317, 30.97093261484835]]",1.0
南湾新村,"[[121.73376582023648, 30.971572739690288]]",1.0
先锋新村,"[[121.74510636027037, 30.972169709664364]]",1.0
建工花园,"[[121.73611536023576, 30.97451007028353]]",1.0
朝阳新村,"[[121.7364253196728, 30.97470991493067]]",1.0
第一新村,"[[121.73182722005023, 30.975102629982437]]",1.0
悦达·南郊华都,"[[121.46431158011538, 30.97521823513349]]",1.0
金碧汇虹苑,"[[121.50530729969213, 30.975902639894976]]",1.0
芦洋花园,"[[121.73109785997826, 30.976052984957335]]",1.0
爱家·新城,"[[121.74795575965064, 30.976186455140862]]",1.0
爱家·新城北区,"[[121.7481857999347, 30.97640628002582]]",1.0
天和·尚海格调,"[[121.55008878017318, 30.977888535427617]]",1.0
天和·尚海格调,"[[121.54887611993705, 30.980085255430232]]",1.0
绿色家园,"[[121.55237514010071, 30.980932200061012]]",1.0
泰南花苑,"[[121.55902199966559, 30.98161561466894]]",1.0
泰南一村,"[[121.55912225968463, 30.982085639940443]]",1.0
泰馨苑,"[[121.54872599970525, 30.982743899611307]]",1.0
汇南新村,"[[121.49914535997054, 30.98415051033787]]",1.0
申亚花满庭,"[[121.54836492010507, 30.98456198974406]]",1.0
巨龙台湾城,"[[121.42977191993816, 30.98598736482505]]",1.0
洪宝小洋房一期,"[[121.4184904203967, 30.986117369920713]]",1.0
澳洲国际,"[[121.4225031602927, 30.986699580221483]]",1.0
水岸家苑二期,"[[121.4225031602927, 30.986699580221483]]",1.0
果园小区,"[[121.43014325990362, 30.986788140060682]]",1.0
水岸家苑,"[[121.42627578030304, 30.98778124520831]]",1.0
鸿吉苑,"[[121.42553507978016, 30.98808049461916]]",1.0
浦江花园,"[[121.42897146036469, 30.989535120149768]]",1.0
金都雅苑,"[[121.44001122034163, 30.989730059894377]]",1.0
鸿宝二村小别墅,"[[121.42810944039846, 30.99005311525915]]",1.0
鸿宝二村鸿吉苑,"[[121.4246138403565, 30.990078270196037]]",1.0
金汇中街小区,"[[121.49757953956423, 30.990082770403625]]",1.0
鸿宝二村南区,"[[121.42526417969816, 30.99034844992112]]",1.0
大同小区,"[[121.43910923989958, 30.990447899650903]]",1.0
鸿宝二村北区,"[[121.42514394034058, 30.990608190315733]]",1.0
金汇东街小区,"[[121.50096119999947, 30.990632175234765]]",1.0
浦江花园,"[[121.42884239955724, 30.991974524904407]]",1.0
鸿宝一村,"[[121.42649646044333, 30.99259912474985]]",1.0
祥和花园,"[[121.43145996000919, 30.993080264742495]]",1.0
鸿宝一村南区,"[[121.42266119995449, 30.993594120272448]]",1.0
水闸小区,"[[121.42723895961038, 30.99366067460054]]",1.0
紫菊新苑,"[[121.43455884031826, 30.99388720483067]]",1.0
闸园新村别墅区,"[[121.43218247983759, 30.994191764738183]]",1.0
鸿宝一村北区,"[[121.42508381976255, 30.99474566977691]]",1.0
锦港新村,"[[121.42806174035711, 30.994792379664688]]",1.0
祥云新城,"[[121.3636971598961, 30.99489642043349]]",1.0
文怡花园,"[[121.4358019201226, 30.99490933469808]]",1.0
碧瑶别墅,"[[121.42949543956296, 30.99510526459634]]",1.0
三墩花苑,"[[121.74952445968611, 30.99525529489599]]",1.0
雅儒园,"[[121.36940549956418, 30.995755964566158]]",1.0
新南家园,"[[121.44047364004658, 30.996178469660713]]",1.0
西渡大桥公寓,"[[121.43971152037048, 30.996406574603824]]",1.0
扶栏新村,"[[121.44163626020529, 30.997140165086584]]",1.0
希都公寓,"[[121.42681703997452, 30.99780688467999]]",1.0
闸园新村,"[[121.42924325976867, 30.998331809965094]]",1.0
昆阳住宅小区,"[[121.36996421957319, 30.99894335974826]]",1.0
闵联昆阳住宅三区,"[[121.36673105969071, 30.99983858987909]]",1.0
昆阳小区,"[[121.36895639971816, 31.0012339950529]]",1.0
浦江大楼,"[[121.42301129973185, 31.00132030478826]]",1.0
浦江花苑,"[[121.42223045976804, 31.001739254862798]]",1.0
兰坪一邨,"[[121.41577547955477, 31.00177516479205]]",1.0
帝景园,"[[121.41605555991626, 31.002225029961167]]",1.0
华江小区,"[[121.41799668000287, 31.002425819795796]]",1.0
天星苑,"[[121.36733981977696, 31.002955964746043]]",1.0
友好佳苑,"[[121.3971528600165, 31.003092675186878]]",1.0
紫罗兰花苑,"[[121.41552510020321, 31.003433910346743]]",1.0
电机一村,"[[121.40373023975887, 31.003899885071682]]",1.0
瑞丽新村,"[[121.40678952022027, 31.004319015010616]]",1.0
闵行花园,"[[121.40762994026956, 31.004669159753945]]",1.0
兰坪二村,"[[121.4109219598806, 31.00468081496772]]",1.0
北街小区,"[[121.42230101967645, 31.004798264628292]]",1.0
香樟苑,"[[121.39440408038415, 31.005082710298865]]",1.0
电机四村,"[[121.39964190015361, 31.005400635031364]]",1.0
高华小区,"[[121.41919709956653, 31.00561442996201]]",1.0
河东小区,"[[121.42568573960523, 31.005641835002734]]",1.0
新闵路442弄,"[[121.42389347980031, 31.005839745208114]]",1.0
电二小区,"[[121.40313048008761, 31.005849105351977]]",1.0
丽宾高层住宅,"[[121.40356032005275, 31.005888930030196]]",1.0
宾川路380弄,"[[121.40573939985353, 31.00610803455823]]",1.0
申隆公寓,"[[121.40559953998681, 31.00614804000012]]",1.0
红宾花苑,"[[121.40935073994476, 31.006258965079198]]",1.0
汽轮小区,"[[121.40885034007121, 31.006528515278873]]",1.0
电厂小区,"[[121.3987123797725, 31.007230064715813]]",1.0
新闵小区,"[[121.41993852044644, 31.007824514789604]]",1.0
君临六六公寓,"[[121.3984524604127, 31.00835956464229]]",1.0
紫竹苑,"[[121.4219914199681, 31.008946499981022]]",1.0
东风小区,"[[121.41686466017602, 31.009420529933557]]",1.0
康乐花园,"[[121.39764281966038, 31.009589234655486]]",1.0
富仕名邸东区,"[[121.3979526001325, 31.009629105199153]]",1.0
金铭福邸,"[[121.40644932018004, 31.00963599040871]]",1.0
东川苑,"[[121.3930346404363, 31.00980082534783]]",1.0
鹤明小区,"[[121.41206172017235, 31.009857884633746]]",1.0
新华小区,"[[121.41029069965616, 31.00986697498098]]",1.0
富仕名邸西区,"[[121.39754292026967, 31.009889160356558]]",1.0
紫藤新园,"[[121.39440408038415, 31.009960259858133]]",1.0
鹤北新村二街坊,"[[121.41132120041314, 31.010507054856745]]",1.0
东江小区,"[[121.41505332035459, 31.010958584670995]]",1.0
富仕名邸二期,"[[121.39541369978245, 31.010979375198076]]",1.0
金铭福邸四期,"[[121.40261082033318, 31.011126659867514]]",1.0
红旗花苑,"[[121.39720307995822, 31.011878250281065]]",1.0
鹤北新村,"[[121.41560339967722, 31.011878250281065]]",1.0
金铭城市之光,"[[121.40751888029217, 31.01262407963756]]",1.0
红旗三村,"[[121.39590347956195, 31.012958204757396]]",1.0
红旗五村,"[[121.39661322002416, 31.01313784523545]]",1.0
东苑佳和园,"[[121.42912194032537, 31.013762939707895]]",1.0
瑞丽名邸,"[[121.40150129974533, 31.013795700211453]]",1.0
丽都城假日景苑,"[[121.40205102023846, 31.014085364647975]]",1.0
金榜世家,"[[121.4249464797963, 31.014228015110888]]",1.0
源枫景苑,"[[121.42756998027042, 31.01423102963836]]",1.0
金榜五期,"[[121.4254070999578, 31.014428490182716]]",1.0
景谷苑,"[[121.38941628023728, 31.0150894945846]]",1.0
东苑佳和园二期,"[[121.42995335995967, 31.015093455198837]]",1.0
绿家园,"[[121.41489311962184, 31.015366154824207]]",1.0
京浦花园,"[[121.42484658040541, 31.015407510148528]]",1.0
景谷大厦,"[[121.39544375962197, 31.015437120326922]]",1.0
金平新村,"[[121.4061193796058, 31.01553314993501]]",1.0
凤庆小区,"[[121.39740306040304, 31.015606319675946]]",1.0
鹤北新苑,"[[121.41202049974626, 31.015883745238646]]",1.0
鹤庆苑,"[[121.41159030005235, 31.016083410021395]]",1.0
沧源二村,"[[121.42383534042868, 31.01650596008203]]",1.0
金平新村小区,"[[121.41136997964091, 31.01663294975085]]",1.0
好第坊,"[[121.42780074001222, 31.016640465385187]]",1.0
三明花园,"[[121.42414584035828, 31.016686275051562]]",1.0
铁阳小区,"[[121.36333823956817, 31.0168459352917]]",1.0
红旗四街坊,"[[121.39492409986735, 31.01688657025909]]",1.0
合生城邦三街坊,"[[121.40284085971788, 31.01699362465608]]",1.0
金山区曙光幼儿园,"[[121.37063346000002, 30.769955460000034]]",2.0
金山漕泾幼儿园,"[[121.40555633999996, 30.796968419999995]]",2.0
斯育漕泾幼儿园,"[[121.40944830000001, 30.799299105000014]]",2.0
护塘旺旺幼儿园,"[[121.37183801999996, 30.800416229999986]]",2.0
金棕榈幼儿园,"[[121.50565632000001, 30.82572972000002]]",2.0
柘林幼儿园,"[[121.47034320000003, 30.831340229999984]]",2.0
可贝幼儿园,"[[121.47416603999996, 30.832260525000013]]",2.0
海湾兴旺幼儿园,"[[121.51585061999998, 30.834506295000022]]",2.0
绿太阳幼儿园,"[[121.42495980000002, 30.835171620000004]]",2.0
海湾幼儿园,"[[121.55593806000002, 30.86239490999996]]",2.0
星南幼儿园,"[[121.47555761999999, 30.86602438499997]]",2.0
上海五四幼儿园,"[[121.72996457999997, 30.866276250000027]]",2.0
柘林幼儿园新寺分部,"[[121.45745033999997, 30.867036120000016]]",2.0
青村幼儿园钱桥分部,"[[121.53800718000002, 30.872785725000032]]",2.0
奉贤区小童星幼儿园,"[[121.53714426000003, 30.875811795000033]]",2.0
上海奉贤区甜甜幼儿园,"[[121.70176776000002, 30.87619424999997]]",2.0
圣爱幼儿园,"[[121.64422787999997, 30.88510344000002]]",2.0
金孔雀幼儿园,"[[121.45205358000001, 30.891149909999996]]",2.0
群星幼儿园,"[[121.47180263999999, 30.89326837500004]]",2.0
奉贤区满天星幼儿园,"[[121.72899600000004, 30.898790729999995]]",2.0
奉贤区奉城镇金池塘幼儿园,"[[121.60815263999999, 30.900522330000005]]",2.0
向阳幼儿园,"[[121.61380175999996, 30.901659974999987]]",2.0
金池第二幼儿园,"[[121.61533014000003, 30.90205799999997]]",2.0
奉贤区阳光幼儿园,"[[121.44612924000002, 30.902412194999965]]",2.0
江海幼儿园南部,"[[121.45039865999996, 30.903349770000002]]",2.0
奉贤区星辰幼儿园星心部,"[[121.45719599999998, 30.903574410000026]]",2.0
上海奉贤区创新幼儿园,"[[121.72252842000003, 30.90473221499999]]",2.0
满天星幼儿园邵厂分园,"[[121.75911864, 30.90475917]]",2.0
奉贤区桃花源幼儿园,"[[121.50607787999998, 30.905847720000004]]",2.0
解放路幼儿园阳光部,"[[121.44476610000004, 30.90663746999998]]",2.0
奉贤区金蔷薇幼儿园,"[[121.63977287999995, 30.906947340000038]]",2.0
奉贤区育秀幼儿园二分部,"[[121.46842044000002, 30.908590380000003]]",2.0
金星幼儿园,"[[121.50701081999999, 30.909388455000045]]",2.0
奉贤区育秀幼儿园一分部,"[[121.46467824, 30.909729825000046]]",2.0
奉贤区秀中幼儿园,"[[121.43073078000003, 30.909764384999974]]",2.0
奉贤区庄行幼儿园,"[[121.39224875999996, 30.910176584999974]]",2.0
奉贤区星辰幼儿园辰晨部,"[[121.45925088, 30.91018526999998]]",2.0
新贝艺术幼儿园,"[[121.43913336, 30.910274685000008]]",2.0
江海幼儿园北部,"[[121.45045860000002, 30.91033637999996]]",2.0
上海奉贤区厚才幼儿园,"[[121.51585169999998, 30.910433850000032]]",2.0
贝贝幼儿园,"[[121.44249089999998, 30.910550985000043]]",2.0
大风车艺术幼儿园,"[[121.64269896000003, 30.911401035000033]]",2.0
奉贤区金色阳光幼儿园,"[[121.62697667999998, 30.911919029999993]]",2.0
行知幼儿园,"[[121.43416499999996, 30.912386490000035]]",2.0
青青草幼儿园,"[[121.47588395999999, 30.91257773999996]]",2.0
奉贤区育秀幼儿园总部,"[[121.46411627999996, 30.912996419999963]]",2.0
育秀幼儿园家长学校,"[[121.46411627999996, 30.912996419999963]]",2.0
奉城幼儿园,"[[121.63706459999996, 30.914365545000003]]",2.0
解放路幼儿园快乐部,"[[121.44912498, 30.914461125000006]]",2.0
金贝幼儿园,"[[121.44144761999999, 30.91517585999999]]",2.0
南中路幼儿园,"[[121.45378518000003, 30.915199575]]",2.0
解放路幼儿园健康部,"[[121.45006692000004, 30.91538232000002]]",2.0
奉贤区实验幼儿园,"[[121.43623769999996, 30.915487214999995]]",2.0
高桥幼儿园,"[[121.62671730000002, 30.915557819999975]]",2.0
古华幼儿园,"[[121.45805640000002, 30.916618244999963]]",2.0
奉贤区孝仁幼儿园,"[[121.63516722, 30.916866825000014]]",2.0
七彩桥幼儿园,"[[121.65636419999996, 30.91743305999997]]",2.0
南中路幼儿园北区,"[[121.44496499999997, 30.91763097]]",2.0
天英双语幼儿园,"[[121.46244912000003, 30.917918115000045]]",2.0
育苗看护点幼儿园,"[[121.57549506000001, 30.918464235000023]]",2.0
金海幼儿园,"[[121.49414423999997, 30.918794489999993]]",2.0
九川千千幼儿园奉城园,"[[121.63628645999998, 30.92027404500002]]",2.0
奉贤震旦外国语幼儿园,"[[121.45660253999998, 30.920412914999964]]",2.0
爱贝思幼儿园,"[[121.63347990000001, 30.920887260000043]]",2.0
民旺苑幼儿园,"[[121.43396664, 30.922243020000042]]",2.0
致和幼儿园,"[[121.67590806000001, 30.922544340000016]]",2.0
上海奉贤同汇实验幼儿园,"[[121.47022278, 30.92304487500004]]",2.0
七彩童年幼儿园,"[[121.58382312000002, 30.923127315000023]]",2.0
奉贤区树园幼儿园,"[[121.46455512000003, 30.92466932999998]]",2.0
岳和村育苗双语艺术幼儿园,"[[121.56538536000001, 30.927114135000025]]",2.0
金麦穗幼儿园,"[[121.6805688, 30.927832649999967]]",2.0
金宝贝幼儿园,"[[121.57890821999996, 30.93051010499999]]",2.0
上海奉贤区宏翔幼儿园,"[[121.44408065999998, 30.931190145000034]]",2.0
上海小天使幼儿园洪庙园,"[[121.68203579999997, 30.931217955000026]]",2.0
青村幼儿园,"[[121.57163712, 30.931391204999972]]",2.0
毓美幼儿园,"[[121.48315433999998, 30.931944660000024]]",2.0
奉贤区绿叶幼儿园,"[[121.46441580000004, 30.932045909999964]]",2.0
方墩未来之星双语幼儿园,"[[121.55068727999998, 30.93218937000002]]",2.0
奉浦幼儿园,"[[121.45274243999998, 30.93427687499999]]",2.0
奉浦幼儿园,"[[121.45882194000004, 30.938790779999994]]",2.0
四团镇远航晶鑫幼儿园,"[[121.73746734000001, 30.940099425000003]]",2.0
四团幼儿园,"[[121.72624416, 30.94066845000001]]",2.0
月亮船幼儿园,"[[121.51345985999997, 30.942407475000014]]",2.0
聚贤幼儿园,"[[121.46066837999996, 30.942464174999998]]",2.0
奉贤区树苗苗幼儿园,"[[121.70783250000001, 30.944537235000016]]",2.0
上海奉贤区蓝天乐幼儿园,"[[121.64562090000004, 30.94670470500003]]",2.0
蓝天艺术幼儿园,"[[121.63924817999998, 30.949061130000047]]",2.0
金豆豆幼儿园,"[[121.63765823999996, 30.94984107000001]]",2.0
金豆豆幼儿园总部,"[[121.63957812000001, 30.95065021499999]]",2.0
青峰幼儿园,"[[121.64116806000001, 30.950719784999972]]",2.0
苗苗幼儿园,"[[121.63614822, 30.952370070000004]]",2.0
奉贤区百曲幼儿园,"[[121.51010663999999, 30.953650589999995]]",2.0
金汇幼儿园齐贤分部,"[[121.50425609999996, 30.95489299500003]]",2.0
金水苑幼儿园,"[[121.49057790000003, 30.957101459999972]]",2.0
青青幼儿园,"[[121.75776072, 30.958286940000004]]",2.0
宇鸿幼儿园,"[[121.43939994000003, 30.96274445999996]]",2.0
欣乐幼儿园（邬桥园）,"[[121.39875234000002, 30.963432689999973]]",2.0
奉贤区肖塘幼儿园,"[[121.43403107999998, 30.96411646499997]]",2.0
邬桥幼儿园,"[[121.39576362, 30.96414341999998]]",2.0
上海奉贤区培英幼儿园,"[[121.44097440000002, 30.965686829999964]]",2.0
小星辰双语幼儿园,"[[121.6381482, 30.966442065000013]]",2.0
小森林幼儿园,"[[121.51302498000004, 30.966780555000042]]",2.0
金色阳光幼儿园,"[[121.73471549999996, 30.969893024999998]]",2.0
小哪吒幼儿园,"[[121.43718593999998, 30.971276955000018]]",2.0
大团小太阳幼儿园,"[[121.74503634000001, 30.97201981500002]]",2.0
奉贤区金铃子幼儿园,"[[121.50200609999996, 30.97419412499998]]",2.0
浦东新区三墩幼儿园,"[[121.74629597999997, 30.974427989999967]]",2.0
向日葵幼儿园,"[[121.73766533999996, 30.974489775000016]]",2.0
大团镇幼儿园,"[[121.73138766000004, 30.976232579999976]]",2.0
东新市村幼儿园,"[[121.64706576000003, 30.97983226500001]]",2.0
小白领幼儿园,"[[121.49961696, 30.983842035000045]]",2.0
上海奉贤区小逗点幼儿园,"[[121.64043563999999, 30.984879735000018]]",2.0
金色摇篮幼儿园,"[[121.55967288000005, 30.985054469999998]]",2.0
上海千千幼儿园,"[[121.42807794000001, 30.985294499999963]]",2.0
建贤艺术幼儿园,"[[121.58990801999997, 30.98555018999998]]",2.0
金阳幼儿园晶晶园,"[[121.56055416000004, 30.98688448499998]]",2.0
金阳幼儿园（阳阳园）,"[[121.56269778000004, 30.988296540000018]]",2.0
金钱路幼儿园,"[[121.49528166000002, 30.988447065000038]]",2.0
奉贤区金汇幼儿园,"[[121.49683686, 30.990140595000007]]",2.0
好时光连锁幼儿园奉贤园,"[[121.44080358, 30.990161789999984]]",2.0
新南幼儿园,"[[121.43972196000003, 30.992449049999962]]",2.0
民办新华幼儿园,"[[121.35840821999997, 30.99261685499999]]",2.0
三墩中心幼儿园,"[[121.75474698000004, 30.99275720999997]]",2.0
笑康幼儿园,"[[121.76577935999998, 30.99326413499999]]",2.0
奉贤区亦佳幼儿园金汇园,"[[121.50620928000001, 30.993985349999978]]",2.0
奉贤区西渡幼儿园,"[[121.42462248000001, 30.99424482000004]]",2.0
上海奉贤区棒棒堂幼儿园,"[[121.46730444000005, 30.994848765000008]]",2.0
上海童梦幼儿园,"[[121.45216212000003, 31.000979924999974]]",2.0
昆阳幼儿园,"[[121.36748940000004, 31.00129654499997]]",2.0
闵行区第四幼儿园浦江花苑分园,"[[121.42286135999996, 31.00236975000004]]",2.0
闵行区华宁路幼儿园,"[[121.39350444000003, 31.002504344999984]]",2.0
闵行第四幼儿园新闵园区,"[[121.42198098000003, 31.006227420000013]]",2.0
闵行新华幼儿园,"[[121.40895006, 31.008876975000035]]",2.0
闵行鹤庆幼儿园,"[[121.41608418, 31.010179634999993]]",2.0
协和阳光幼儿园,"[[121.40370035999996, 31.01182591499996]]",2.0
景谷第二幼儿园一分园,"[[121.39388442000003, 31.012978949999972]]",2.0
景谷第一幼儿园瑞丽分园,"[[121.4016012, 31.013136]]",2.0
闵行第一幼儿园,"[[121.41454247999998, 31.013726490000007]]",2.0
闵行区景谷第一幼儿园,"[[121.39814268, 31.01375695500004]]",2.0
上海丰南幼儿园,"[[121.52723147999998, 31.014274410000045]]",2.0
闵行景谷第二幼儿园,"[[121.39179534000002, 31.015908225000047]]",2.0
小哈佛好第坊幼儿园,"[[121.42888200000002, 31.016081880000026]]",2.0
宝宝幼儿园,"[[121.77418319999997, 31.016332664999993]]",2.0
金山区九阳小学,"[[121.37026373999998, 30.77010558000002]]",2.0
金山区漕泾小学,"[[121.39198379999998, 30.798284580000004]]",2.0
金山区漕泾小学北门,"[[121.39182306000001, 30.80093287500001]]",2.0
金山区水库小学,"[[121.38608285999996, 30.815976240000012]]",2.0
奉贤区海湾小学,"[[121.52066364000004, 30.839236559999986]]",2.0
蒲公英小学,"[[121.45825296000004, 30.867138180000023]]",2.0
上海奉贤区民办育才小学,"[[121.63611546000004, 30.86944929000002]]",2.0
上海奉贤民办福星小学,"[[121.70092949999994, 30.875886089999963]]",2.0
奉贤区塘外小学,"[[121.61480039999998, 30.902618205000046]]",2.0
奉贤区江海第三小学,"[[121.45748669999995, 30.904304669999963]]",2.0
奉贤区民办厚才小学,"[[121.5099918, 30.90610934999998]]",2.0
奉贤区民办敬贤小学,"[[121.43562587999996, 30.909158819999963]]",2.0
奉贤区江海第一小学,"[[121.45060890000002, 30.909297195000043]]",2.0
奉贤区实验小学西校,"[[121.43726874000001, 30.91249961999998]]",2.0
解放路小学,"[[121.44995693999999, 30.914102970000037]]",2.0
奉贤区实验小学东校,"[[121.44119705999995, 30.915015480000044]]",2.0
古华小学,"[[121.45883849999998, 30.91509080999997]]",2.0
南桥小学（南中校区）,"[[121.45425624, 30.915120555000033]]",2.0
奉城第二小学,"[[121.63652550000003, 30.91616545499998]]",2.0
奉城第一小学,"[[121.64451533999996, 30.919863105000037]]",2.0
上海市致和小学,"[[121.67647704000001, 30.922593254999978]]",2.0
奉贤福山外国语小学,"[[121.51622177999997, 30.926135879999997]]",2.0
奉贤区洪庙小学,"[[121.68208584000001, 30.92830955999999]]",2.0
恒贤小学,"[[121.48322489999995, 30.928596840000047]]",2.0
奉贤区教师进修学院附属实验小学,"[[121.46298083999997, 30.92900346000003]]",2.0
奉贤区青村小学,"[[121.57839827999996, 30.929970465000014]]",2.0
上海奉贤区民办宏翔小学,"[[121.44745781999998, 30.93355503000004]]",2.0
奉贤区民办曙光小学,"[[121.44310919999998, 30.937095900000003]]",2.0
奉贤区四团小学,"[[121.72341617999996, 30.94031110500002]]",2.0
上海奉贤民办远航小学,"[[121.69863612, 30.946520339999964]]",2.0
奉贤区头桥小学,"[[121.63775813999996, 30.94983107999998]]",2.0
齐贤学校小学部,"[[121.50605213999998, 30.956097375000027]]",2.0
上海南汇区民办淮安小学,"[[121.75791083999998, 30.958636905000006]]",2.0
金水苑小学,"[[121.48810002, 30.958683884999985]]",2.0
奉贤区肖塘小学,"[[121.43580246, 30.964377464999984]]",2.0
浦东新区向阳小学,"[[121.73713560000002, 30.971571659999977]]",2.0
大团镇小学,"[[121.73649533999998, 30.974779845000036]]",2.0
上海奉贤区民办超群小学,"[[121.65924347999999, 30.97781131500004]]",2.0
奉贤区西渡小学,"[[121.41836045999996, 30.98538787499996]]",2.0
泰日学校（小学部）,"[[121.56069438, 30.98765416499998]]",2.0
童梦小学,"[[121.45010795999997, 30.98898296999997]]",2.0
奉贤区民办志华小学,"[[121.60975338000001, 30.991429170000043]]",2.0
上海奉贤区民办福祉小学,"[[121.51354481999998, 30.99243721499996]]",2.0
前锦中小学生辅导培训,"[[121.43821806000003, 30.99538421999999]]",2.0
昆阳路小学,"[[121.36584293999996, 31.00195907999999]]",2.0
闵行区华坪小学南校区,"[[121.41849707999998, 31.00253602500003]]",2.0
上海市闵行区华坪小学,"[[121.41824669999997, 31.00332536999997]]",2.0
浦东新区民办新星小学,"[[121.64183009999999, 31.004295029999998]]",2.0
民办双江小学,"[[121.40447003999996, 31.004329364999997]]",2.0
上海闵行区民办马桥小学,"[[121.35544451999996, 31.005225674999995]]",2.0
闵行区中心小学,"[[121.42327265999997, 31.005968985000035]]",2.0
上海市闵行区丽江小学,"[[121.39966188000004, 31.00664996999998]]",2.0
上海市闵行区汽轮小学,"[[121.40852003999996, 31.007587635000025]]",2.0
江川路小学南校区,"[[121.41523385999999, 31.008450375]]",2.0
上海市闵行区鹤北小学,"[[121.41062046000002, 31.01224554000004]]",2.0
交通大学附属实验小学,"[[121.43022372, 31.01546362500003]]",2.0
闵行区碧江路小学,"[[121.39545384000003, 31.016566574999985]]",2.0
山阳中学,"[[121.36256712, 30.77008685999998]]",2.0
上海市漕泾中学,"[[121.40721684000005, 30.797838495000043]]",2.0
奉贤区塘外中学,"[[121.61547954000005, 30.903916590000005]]",2.0
上海市奉城高级中学,"[[121.64188985999996, 30.911681834999996]]",2.0
奉贤区实验中学,"[[121.44215988000005, 30.911689575000015]]",2.0
奉城第二中学,"[[121.63603608000004, 30.91549635000004]]",2.0
古华中学,"[[121.46242950000001, 30.916858949999984]]",2.0
奉贤区教师进修学院附属实验中学,"[[121.45232123999995, 30.91889429999999]]",2.0
上海市奉贤中学,"[[121.49274906, 30.921778619999987]]",2.0
奉贤区青村中学,"[[121.5805617, 30.923476470000047]]",2.0
上海市奉贤中学西门,"[[121.49052102000005, 30.924060749999985]]",2.0
汇贤中学,"[[121.46334155999998, 30.924496574999985]]",2.0
上海市奉贤区曙光中学,"[[121.65650334000001, 30.924938340000033]]",2.0
上海市奉贤区清溪中学,"[[121.51404432000001, 30.92594971499996]]",2.0
奉贤区洪庙中学,"[[121.68011969999996, 30.92828319000003]]",2.0
上海市奉贤区古华中学奉浦分校,"[[121.45533137999996, 30.93832224000004]]",2.0
四团中学,"[[121.71747024000004, 30.942605025000017]]",2.0
奉贤区景秀高级中学,"[[121.72211622000003, 30.952454985000013]]",2.0
奉贤区尚同中学,"[[121.51253484, 30.955156604999992]]",2.0
奉贤区头桥中学,"[[121.63962797999996, 30.960364994999992]]",2.0
上海大团高级中学,"[[121.74536735999996, 30.962785409999974]]",2.0
肖塘中学,"[[121.43385108000001, 30.96377662500001]]",2.0
上海市大团中学,"[[121.73711562000004, 30.969892530000045]]",2.0
上海铭远双语高级中学,"[[121.47165323999997, 30.972867434999987]]",2.0
泰日学校中学部,"[[121.56017345999999, 30.98728367999997]]",2.0
上海市闵行第二中学,"[[121.40487972000003, 31.00508883000004]]",2.0
新东方优能中学个性化学习中心闵行校区,"[[121.41184230000003, 31.005630630000017]]",2.0
上海市民办文绮中学,"[[121.41963809999999, 31.008164085000026]]",2.0
上海市闵行第五中学,"[[121.41469349999996, 31.008879810000003]]",2.0
上海市闵行中学,"[[121.42118034000003, 31.00898555999996]]",2.0
闵行区鹤北初级中学,"[[121.40343054000002, 31.010706584999983]]",2.0
交通大学附属第二中学,"[[121.42329390000003, 31.01310652499996]]",2.0
闵行区第二职工业余中学,"[[121.39418429999998, 31.014338129999988]]",2.0
华东理工大学奉贤校区,"[[121.49966016000002, 30.833028405000043]]",2.0
上海电视大学闵行二分校,"[[121.41480311999996, 31.01105839499996]]",2.0
上海开放大学奉贤分校,"[[121.44932567999999, 30.912932520000005]]",2.0
上海开放大学奉贤分校（古华校区）,"[[121.46087430000003, 30.91713452999996]]",2.0
上海师范大学奉贤校区,"[[121.51455803999997, 30.838605525]]",2.0
上海师范大学上海旅游高等专科学校,"[[121.50893448, 30.83478605999999]]",2.0
金山区中心医院漕泾分院－门诊,"[[121.41909558, 30.795677279999964]]",3.0
金山区中心医院漕泾分院－病房楼,"[[121.41865529999998, 30.79572695999999]]",3.0
金山区中心医院漕泾分院,"[[121.41888552000003, 30.79597697999998]]",3.0
上海化学工业区医疗急救中心,"[[121.46103503999997, 30.815250974999994]]",3.0
上海市奉贤区海湾医院－发热门诊,"[[121.51481148000003, 30.84676627499998]]",3.0
上海市奉贤区海湾医院－肠道门诊,"[[121.51481148000003, 30.84676627499998]]",3.0
上海市奉贤区海湾医院－门诊,"[[121.51449036000002, 30.846905325000026]]",3.0
上海市奉贤区海湾医院－儿保门诊,"[[121.51467107999997, 30.84699577500005]]",3.0
上海市奉贤区海湾医院－病房大楼,"[[121.51387836, 30.84727342500002]]",3.0
奉贤区医疗救护站海湾站,"[[121.56288839999996, 30.86068468499998]]",3.0
新寺医院,"[[121.45462164000001, 30.864420089999964]]",3.0
奉贤区皮肤病防治所－门诊楼,"[[121.61077272000003, 30.89867274000004]]",3.0
奉贤区皮肤病防治所－肠道门诊,"[[121.61059253999996, 30.898672785000045]]",3.0
惠爱医院－住院部,"[[121.44685067999998, 30.904822350000025]]",3.0
惠爱医院－惠爱口腔,"[[121.44747203999998, 30.904953435000035]]",3.0
惠爱医院体外碎石,"[[121.44747203999998, 30.904953435000035]]",3.0
奉贤区医疗救护站,"[[121.43761038, 30.906843885000043]]",3.0
上海奉爱医院,"[[121.64218991999999, 30.908413529999976]]",3.0
南桥贝港门诊部,"[[121.44020597999999, 30.908907675000005]]",3.0
上海市奉贤区医疗救护站奉城分站,"[[121.63777434000004, 30.912755849999993]]",3.0
奉贤区奉城医院－血液净化中心,"[[121.63750452, 30.912846074999997]]",3.0
奉贤区奉城医院－肾内科临时门诊,"[[121.63750452, 30.912846074999997]]",3.0
奉贤区奉城医院－发热门诊,"[[121.63697513999999, 30.91296658500002]]",3.0
奉贤区奉城医院－肝炎门诊,"[[121.63709484000003, 30.913046414999965]]",3.0
奉贤区奉城医院－肠道门诊,"[[121.63709484000003, 30.913046414999965]]",3.0
奉贤区奉城医院－CT室,"[[121.63778423999997, 30.913135604999972]]",3.0
奉贤区奉城医院－儿保门诊,"[[121.63748436000003, 30.913375725000034]]",3.0
奉贤区奉城医院－健康体检,"[[121.63748436000003, 30.913375725000034]]",3.0
奉贤区奉城医院－预防接种,"[[121.63748436000003, 30.913375725000034]]",3.0
奉贤区奉城医院－门诊部,"[[121.63737456, 30.913385849999983]]",3.0
上海市奉贤区中医医院－急诊放射科,"[[121.45704354000003, 30.914017154999993]]",3.0
上海市奉贤区中医医院－门诊,"[[121.45750469999999, 30.914118180000003]]",3.0
南桥地段医院,"[[121.44992670000005, 30.914432685]]",3.0
上海市奉贤区中医医院－住院楼,"[[121.45695318000001, 30.91475659499998]]",3.0
上海市奉贤区中医医院－放射楼,"[[121.45752485999998, 30.914927820000024]]",3.0
上海市奉贤区古华医院西门,"[[121.46276123999998, 30.915241155000015]]",3.0
上海市奉贤区古华医院,"[[121.46326290000002, 30.915422369999998]]",3.0
上海市奉贤区古华医院－肝病门诊,"[[121.46257044000001, 30.915500444999974]]",3.0
上海市奉贤区古华医院－肠道门诊,"[[121.46281128000004, 30.91559103000001]]",3.0
上海市奉贤区古华医院－内科二病区,"[[121.46306202, 30.915601695000003]]",3.0
上海市奉贤区古华医院－检验科,"[[121.46306202, 30.915601695000003]]",3.0
上海市奉贤区古华医院－卡介苗接种,"[[121.46306202, 30.915601695000003]]",3.0
上海市奉贤区古华医院－放射,"[[121.46306202, 30.915601695000003]]",3.0
上海市奉贤区古华医院－心电图,"[[121.46306202, 30.915601695000003]]",3.0
上海市奉贤区古华医院－B超,"[[121.46306202, 30.915601695000003]]",3.0
上海市奉贤区古华医院－门诊部,"[[121.46345333999996, 30.915762614999995]]",3.0
古华医院住院部,"[[121.46345333999996, 30.915762614999995]]",3.0
上海市奉贤区古华医院－肺科,"[[121.46345333999996, 30.915762614999995]]",3.0
上海市奉贤区古华医院－内科,"[[121.46345333999996, 30.915762614999995]]",3.0
上海市奉贤区古华医院－中医科,"[[121.46345333999996, 30.915762614999995]]",3.0
上海市奉贤区古华医院－皮肤科,"[[121.46345333999996, 30.915762614999995]]",3.0
上海市奉贤区古华医院－犬咬伤门诊,"[[121.46345333999996, 30.915762614999995]]",3.0
奉贤区老年医院住院部,"[[121.46321232, 30.916051740000025]]",3.0
上海奉浦医院－口腔科,"[[121.46302062000004, 30.92126746500001]]",3.0
上海奉浦医院,"[[121.46279993999998, 30.92139688499997]]",3.0
上海奉浦医院－门诊,"[[121.46279993999998, 30.92139688499997]]",3.0
奉贤区中心医院－儿科,"[[121.501791, 30.923054910000022]]",3.0
奉贤区中心医院－门诊,"[[121.50194166000003, 30.923065349999998]]",3.0
奉贤区中心医院－感染门诊,"[[121.50133938000002, 30.923903070000033]]",3.0
上海市奉贤区中心医院－医技楼,"[[121.50145980000002, 30.924143325000017]]",3.0
奉贤区中心医院－高压氧舱,"[[121.50129923999998, 30.924342719999995]]",3.0
上海市奉贤区中心医院－7号楼病房楼,"[[121.50197154, 30.924674550000006]]",3.0
上海市奉贤区中心医院－6号楼病房楼,"[[121.50309564000003, 30.924797849999994]]",3.0
上海市奉贤区中心医院－行政楼,"[[121.50171053999999, 30.925653254999983]]",3.0
奉贤区医疗救护站西渡分站,"[[121.44162636000001, 30.96330957000004]]",3.0
西渡医院,"[[121.44179681999998, 30.96348993000004]]",3.0
西渡医院－门诊部,"[[121.44163644000004, 30.963719430000022]]",3.0
西渡医院－住院部,"[[121.44150612000001, 30.96405895500005]]",3.0
南汇区医疗救护站大团分站,"[[121.73608547999996, 30.96972274499998]]",3.0
上海奉民门诊部,"[[121.49431812000003, 30.991142835000016]]",3.0
复旦大学附属肿瘤医院闵行分院－住院,"[[121.4035704, 31.007118330000047]]",3.0
复旦大学附属上海市第五人民医院－血透室,"[[121.40283059999999, 31.007338469999965]]",3.0
复旦大学附属上海市第五医院－结核病门诊,"[[121.40331048, 31.007418254999994]]",3.0
复旦大学附属上海市第五医院－肝病门诊,"[[121.40346041999997, 31.007438190000045]]",3.0
复旦大学附属上海市第五人民医院－感染楼,"[[121.40369027999998, 31.007458080000003]]",3.0
复旦大学附属上海市第五医院－肠道门诊,"[[121.40359037999997, 31.007468115000034]]",3.0
复旦大学附属上海市第五医院－医技大楼,"[[121.40308062, 31.007488320000018]]",3.0
复旦大学附属上海市第五医院－发热门诊,"[[121.40369027999998, 31.007498085000027]]",3.0
上海道培医院,"[[121.40344044, 31.007678085]]",3.0
复旦大学附属上海市第五人民医院－住院楼,"[[121.40218097999998, 31.007898450000024]]",3.0
闵行区医疗急救中心江川分站,"[[121.40162118000003, 31.008128534999965]]",3.0
复旦大学附属上海市第五人民医院－门诊楼,"[[121.40330039999996, 31.008157874999995]]",3.0
复旦大学附属上海市第五人民医院－儿科门急诊,"[[121.40195111999998, 31.008228344999964]]",3.0
复旦大学附属上海市第五人民医院－儿科楼,"[[121.40195111999998, 31.008228344999964]]",3.0
复旦大学附属上海市第五人民医院－门诊部,"[[121.40358030000003, 31.00844762999999]]",3.0
连通大厦,"[[121.41690390000005, 30.796585379999996]]",4.0
Sｃｉｐ　ｔｏｗｅｒ,"[[121.46226462000003, 30.81357972000004]]",4.0
置业大楼,"[[121.46176836000001, 30.815153819999985]]",4.0
化工区大厦,"[[121.46099868, 30.817594619999966]]",4.0
海湾大楼,"[[121.52717100000004, 30.826914840000008]]",4.0
纺俊大楼,"[[121.55523588, 30.86125366500002]]",4.0
新寺镇招商大楼,"[[121.45442094000003, 30.866978205000006]]",4.0
申隆大厦,"[[121.5369036, 30.874681800000047]]",4.0
临港奉贤中心,"[[121.75824149999997, 30.880232460000034]]",4.0
临港奉贤中心A座,"[[121.75824149999997, 30.880232460000034]]",4.0
临港奉贤中心B座,"[[121.75868988000002, 30.880610774999983]]",4.0
房地大厦,"[[121.45262309999995, 30.912229349999986]]",4.0
中国银行奉贤支行综合楼,"[[121.45618098, 30.913335495000027]]",4.0
工会大厦,"[[121.45213169999998, 30.914476874999963]]",4.0
上海旻懿商务大楼,"[[121.49244863999999, 30.914501939999994]]",4.0
南桥中企联合大厦,"[[121.48419041999998, 30.915657854999978]]",4.0
中房大厦,"[[121.45443641999998, 30.916440000000033]]",4.0
绿地未来中心A1楼,"[[121.48490250000002, 30.91716882000003]]",4.0
绿地未来中心,"[[121.48490250000002, 30.91716882000003]]",4.0
南洋科技大楼,"[[121.45092858, 30.917202749999994]]",4.0
亿星大厦,"[[121.45669271999998, 30.917444625000023]]",4.0
总部1号,"[[121.48051842000001, 30.91749705000001]]",4.0
南方国际,"[[121.47756894000004, 30.91785907500003]]",4.0
绿地未来中心A3楼,"[[121.48588566000001, 30.918150855000015]]",4.0
南方国际大厦,"[[121.47961535999998, 30.918663945000013]]",4.0
南方国际中心大厦,"[[121.48294607999998, 30.919232429999976]]",4.0
科技大楼,"[[121.47212051999998, 30.91940302499997]]",4.0
信息大楼,"[[121.46976270000003, 30.919406670000004]]",4.0
绿地翡翠国际广场3号楼,"[[121.4666622, 30.919947795000013]]",4.0
绿地翡翠国际广场4号楼,"[[121.46794632000002, 30.920211090000038]]",4.0
绿地翡翠国际广场,"[[121.46850827999998, 30.920342489999985]]",4.0
绿地翡翠国际广场1号楼,"[[121.46740451999996, 30.920419440000046]]",4.0
亿丰商务楼,"[[121.50867581999998, 30.920706765000016]]",4.0
浦南财富广场,"[[121.48667766, 30.921240959999984]]",4.0
南桥新城,"[[121.49750592000001, 30.921393015000042]]",4.0
奉贤燃气公司综合楼,"[[121.43755044000002, 30.921966180000037]]",4.0
奉贤二建公司办公楼,"[[121.48688826, 30.922350884999982]]",4.0
南郊聚润广场B座,"[[121.48175015999996, 30.927063645000008]]",4.0
绿地方舟商务楼,"[[121.46166701999996, 30.927521115000022]]",4.0
南郊聚润广场,"[[121.4817903, 30.927893264999994]]",4.0
南郊聚润广场A座,"[[121.4817903, 30.927893264999994]]",4.0
森勤国际,"[[121.44844044000001, 30.930858765000046]]",4.0
森勤国际1号楼,"[[121.44844044000001, 30.930858765000046]]",4.0
森勤国际6号楼,"[[121.44728790000003, 30.931246260000044]]",4.0
绿庭国际大厦,"[[121.46350428000002, 30.934523295000027]]",4.0
上海商学院综合楼,"[[121.45537259999999, 30.942630945000015]]",4.0
海业大厦,"[[121.44678732, 30.943509255000034]]",4.0
奉浦大厦,"[[121.45452048000001, 30.944398230000047]]",4.0
绿地智尊,"[[121.45652658, 30.944843054999993]]",4.0
绿地智尊B座,"[[121.45652658, 30.944843054999993]]",4.0
绿地智尊A座,"[[121.45652658, 30.944843054999993]]",4.0
柦明大厦,"[[121.50438731999998, 30.95027635500004]]",4.0
江南大楼,"[[121.63880807999996, 30.9554478]]",4.0
金水领寓,"[[121.49065836000003, 30.955772520000046]]",4.0
科技创业大楼,"[[121.47272604, 30.962035259999976]]",4.0
综星大厦,"[[121.44597947999995, 30.969987254999964]]",4.0
供销大厦,"[[121.44578904000001, 30.97031674499996]]",4.0
西屋大厦,"[[121.43377926000001, 30.978937485000035]]",4.0
连城商业广场,"[[121.42693655999997, 30.990630375000016]]",4.0
连城商业广场1号楼,"[[121.42693655999997, 30.990630375000016]]",4.0
连城商业广场3号楼,"[[121.42590444000001, 30.990958379999977]]",4.0
连城商业广场2号楼,"[[121.42649574000001, 30.991279319999975]]",4.0
腾鹰大楼,"[[121.64391054, 30.996058680000004]]",4.0
紫藤商厦,"[[121.37876513999996, 30.999944970000037]]",4.0
景仁楼,"[[121.3776558, 31.002404355000046]]",4.0
上海商影大厦,"[[121.41184230000002, 31.005630630000002]]",4.0
双翼大厦,"[[121.41902735999997, 31.007993445000015]]",4.0
明珠大厦,"[[121.41210167999998, 31.009977809999977]]",4.0
铁闵大厦,"[[121.36429619999996, 31.01337603000004]]",4.0
上师大校园生活中心,"[[121.50945558001104, 30.839826329921245]]",5.0
海尚·生活广场,"[[121.50360485967661, 30.839909129602667]]",5.0
应用·品盛商业中心,"[[121.50140508018035, 30.844418850149886]]",5.0
佳源梦想广场,"[[121.50853055983751, 30.85241597971369]]",5.0
鸿园针织百货店,"[[121.39233894019003, 30.908357730225184]]",5.0
一新百货店,"[[121.39231895995212, 30.908447684912794]]",5.0
太阳城时代广场,"[[121.64281902028165, 30.90885250483926]]",5.0
正阳南港商业街,"[[121.47307523963073, 30.909542130165264]]",5.0
理想未来广场,"[[121.45343508036478, 30.912230925017276]]",5.0
新发展商业街南门,"[[121.45410630016568, 30.912921720361133]]",5.0
星依生活购物广场,"[[121.64362740018441, 30.913358489602707]]",5.0
新发展商业街,"[[121.45284341998783, 30.914108505303368]]",5.0
南桥国际商业广场西门,"[[121.4884342797183, 30.915519344642142]]",5.0
上海南桥国际商业广场,"[[121.49159543987773, 30.91633829967278]]",5.0
鸿雁商场,"[[121.4544364197051, 30.91644000040577]]",5.0
南桥国际商业广场北门,"[[121.48943778012952, 30.91682159983702]]",5.0
正大生活馆,"[[121.47166979982148, 30.916923885129258]]",5.0
美人鱼休闲街,"[[121.47969582010603, 30.917065139844382]]",5.0
绿天商城,"[[121.48356815964289, 30.917295225094612]]",5.0
绿地未来中心A4楼,"[[121.48456139968891, 30.917827530216464]]",5.0
百联南桥购物中心,"[[121.47926435956265, 30.91817335461669]]",5.0
东方商厦（奉贤店）,"[[121.47926435956265, 30.91817335461669]]",5.0
南方国际广场,"[[121.48013699962296, 30.918765239824026]]",5.0
余庆商店,"[[121.4534138401766, 30.918776445376686]]",5.0
邻里汇浩广社区主题商街,"[[121.4357484599235, 30.922354485371287]]",5.0
宣禾丰谷,"[[121.50046638041923, 30.922481250209557]]",5.0
贤城广场,"[[121.48581438012957, 30.923587124945968]]",5.0
阿波罗休闲广场,"[[121.46145641967817, 30.925811519785846]]",5.0
南郊休闲商业街,"[[121.48224192042835, 30.927204944652537]]",5.0
上海之鱼,"[[121.4808366595843, 30.930269174982456]]",5.0
上海奉贤宝龙城市广场,"[[121.45930074023708, 30.931843410345145]]",5.0
南桥·新都汇南门,"[[121.45824918005567, 30.93631982989627]]",5.0
南桥·新都汇,"[[121.45801895990712, 30.93696917998375]]",5.0
南桥·新都汇北门,"[[121.45789871965034, 30.937318830099983]]",5.0
南桥·新都汇西区东门,"[[121.45716665981351, 30.937786920030355]]",5.0
南桥·新都汇西区,"[[121.4570266200825, 30.938346450328453]]",5.0
城尚城,"[[121.64305536031667, 30.948498270079156]]",5.0
汇金坊,"[[121.49033670017866, 30.962037780219404]]",5.0
美林商业广场,"[[121.73889545965783, 30.97421968459087]]",5.0
欧士通时尚广场,"[[121.44522888000883, 30.97442456993796]]",5.0
汇欢商业广场,"[[121.49718893971783, 30.980636774567508]]",5.0
连城商业广场,"[[121.42732788007766, 30.991181175371032]]",5.0
美惠全商业广场,"[[121.36866696011211, 30.99616708514293]]",5.0
滨江生活广场,"[[121.42034820030928, 31.003576469978206]]",5.0
上海西南商城南门,"[[121.42121939965571, 31.003997310427536]]",5.0
上海西南商城,"[[121.42097909990558, 31.00419697521029]]",5.0
上海西南商城东北门,"[[121.42090907959043, 31.00449676511368]]",5.0
上海西南商城北门,"[[121.42102931984729, 31.0046268601415]]",5.0
闵行百货商店,"[[121.41503424033795, 31.006281779980178]]",5.0
老闵行大食汇餐饮广场,"[[121.39965197975513, 31.008129254561496]]",5.0
燎升城市生活广场,"[[121.40714898014141, 31.013064000103554]]",5.0
千代广场,"[[121.40913906021956, 31.01447326472944]]",5.0
置业广场,"[[121.4146830595756, 31.01626561536588]]",5.0
置业广场精品区,"[[121.41541422009031, 31.017146129890023]]",5.0
庄胡公路出口,"[[121.35612510000001, 30.79743048000003]]",6.0
吕巷出口,"[[121.36106538000003, 30.805528455000015]]",6.0
金山工业区大道出口,"[[121.45980672000002, 30.816443520000036]]",6.0
上海化工区（东）出口,"[[121.42114559999996, 30.818456190000028]]",6.0
芦潮港码头,"[[121.42780200000004, 30.82185999000002]]",6.0
海湾路出口,"[[121.35514265999998, 30.839407965000042]]",6.0
查验广场出口,"[[121.45612085999996, 30.84325892999999]]",6.0
枫泾出口,"[[121.35145967999999, 30.849998804999963]]",6.0
洋山保税港区管委会出口,"[[121.48672356000002, 30.859138080000044]]",6.0
两港大道出口,"[[121.48680330000005, 30.865684319999986]]",6.0
浦星公路出口,"[[121.57305264000001, 30.894364754999977]]",6.0
南芦公路出口,"[[121.41920790000003, 30.895131600000013]]",6.0
瓦洪公路出口,"[[121.42225116000003, 30.895863840000025]]",6.0
临港大道站3号口,"[[121.61080296000003, 30.90827812500001]]",6.0
新浜出口,"[[121.60539323999998, 30.90994843500001]]",6.0
泖港出口,"[[121.51164708000002, 30.911710995000007]]",6.0
叶新公路出口,"[[121.55651153999997, 30.913040744999982]]",6.0
朱枫公路出口,"[[121.56275286, 30.91304965500001]]",6.0
书院站2号口,"[[121.52783861999998, 30.913172774999985]]",6.0
书院站1号口,"[[121.68751716000003, 30.918635775]]",6.0
东三渡口,"[[121.73454072000001, 30.918904200000007]]",6.0
米市渡轮渡站,"[[121.73206175999998, 30.91894609500001]]",6.0
大叶公路出口,"[[121.46097474000001, 30.919373640000032]]",6.0
上海重型机器厂有限公司码头,"[[121.69058202000002, 30.919420169999974]]",6.0
东勤渡,"[[121.45900932000004, 30.919668885000036]]",6.0
松江南站地铁站3号口,"[[121.47253884, 30.929346674999998]]",6.0
松江南站地铁站1号口,"[[121.47061554000004, 30.934331190000037]]",6.0
方塔园游船码头,"[[121.72904009999999, 30.963232124999983]]",6.0
192号码头,"[[121.72248576000001, 30.96565753500002]]",6.0
金平路站2号口,"[[121.45601789999996, 30.968931600000026]]",6.0
松江体育中心站2号口,"[[121.45399253999997, 30.974184539999982]]",6.0
松江体育中心站3号口,"[[121.34720123999998, 30.98011288500004]]",6.0
东川路站4号口,"[[121.34803949999997, 30.98015140500003]]",6.0
剑川路站1号口,"[[121.37435189999997, 30.98382907500003]]",6.0
剑川路出口,"[[121.36987602, 30.986351234999994]]",6.0
惠南东站4号口,"[[121.67112077999998, 30.987134145000027]]",6.0
松江新城站1号口,"[[121.66698797999999, 30.992758289999962]]",6.0
沪南公路出口,"[[121.42469286, 30.997273589999992]]",6.0
中英海底系统有限公司吴泾码头,"[[121.44254796000003, 30.998780684999993]]",6.0
上海糖库码头,"[[121.42185965999997, 30.999789539999973]]",6.0
北桥站2号口,"[[121.36525416000003, 31.002349949999996]]",6.0
北桥站1号口,"[[121.36513427999998, 31.00278991499998]]",6.0
吴泾渡口,"[[121.37624675999999, 31.005383625]]",6.0
新场站1号口,"[[121.37611679999998, 31.00574353500003]]",6.0
野生动物园站2号口,"[[121.40975105999996, 31.005939374999976]]",6.0
杜行渡口,"[[121.39075566, 31.009171995000017]]",6.0
惠南站3号口,"[[121.39063560000001, 31.009511879999984]]",6.0
松江大学城站3号口,"[[121.37889294, 31.0129965]]",6.0
松江大学城站2号口,"[[121.40567963999999, 31.013084565]]",6.0
惠南站2号口,"[[121.40555957999999, 31.013424404999967]]",6.0
建龙广场,"[[121.41336150000001, 30.79644318000004]]",7.0
海湾字茂文化广场,"[[121.51521414000003, 30.818296350000026]]",7.0
海湾国际风筝放飞场,"[[121.51529676000001, 30.820867874999987]]",7.0
上海师范大学奉贤校区－樱花园,"[[121.51444626, 30.83909381999997]]",7.0
上海应用技术学院－火车头广场,"[[121.51087775999997, 30.845925314999974]]",7.0
上海海湾国家森林公园,"[[121.68216144, 30.863157210000043]]",7.0
上海海湾国家森林公园（东门）,"[[121.70931876, 30.86445199499997]]",7.0
上海都市菜园,"[[121.58596872000004, 30.867574679999972]]",7.0
五四文化广场,"[[121.73014278000002, 30.868104555000027]]",7.0
上海海湾国家森林公园西门,"[[121.67435322, 30.86831092499996]]",7.0
上海海湾国家森林公园东北门,"[[121.69574135999997, 30.86842684499996]]",7.0
钱桥社区文化广场,"[[121.53771611999996, 30.875893290000008]]",7.0
倩舍意象,"[[121.39263899999995, 30.886336080000028]]",7.0
倩舍意象东门,"[[121.39316837999996, 30.88674522000004]]",7.0
倩舍意象北门,"[[121.39010027999996, 30.886916760000023]]",7.0
南方国际景观广场,"[[121.49732789999999, 30.892329494999966]]",7.0
平安社区文化广场,"[[121.72845618, 30.899230919999983]]",7.0
望春园,"[[121.45102001999997, 30.904050599999973]]",7.0
江海法治广场,"[[121.45851972000003, 30.90472694999998]]",7.0
青春之歌,"[[121.45540032000002, 30.90500892000004]]",7.0
冷泾广场,"[[121.39556957999996, 30.905999415000014]]",7.0
庄行暴动烈士纪念广场,"[[121.39407918, 30.907008675000032]]",7.0
奉城镇人口文化公园,"[[121.63350995999997, 30.90731436000001]]",7.0
育秀园,"[[121.46194944000003, 30.910752044999963]]",7.0
南门港公园,"[[121.64579351999996, 30.91232520000001]]",7.0
奉秀园,"[[121.47759953999996, 30.91307197499998]]",7.0
世纪星城中央公园,"[[121.47327540000002, 30.91426982999997]]",7.0
东奉园,"[[121.45701348, 30.914446904999966]]",7.0
文化广场,"[[121.45208130000003, 30.915745919999978]]",7.0
古华园1号门,"[[121.45856796000001, 30.91841851500004]]",7.0
古华园2号门,"[[121.46183711999997, 30.919115790000003]]",7.0
古华园,"[[121.45999193999998, 30.919771125000047]]",7.0
馨悦广场,"[[121.43434680000004, 30.920993730000042]]",7.0
古华园3号门,"[[121.45995197999996, 30.921300270000003]]",7.0
青春广场,"[[121.57607519999999, 30.926400119999993]]",7.0
洪庙小公园,"[[121.68284436000002, 30.93026701500002]]",7.0
天鹏文化广场,"[[121.72398570000004, 30.939511049999975]]",7.0
玉兰广场,"[[121.72395581999996, 30.943838745000026]]",7.0
华盛文化广场,"[[121.64302529999998, 30.94933783500001]]",7.0
牡丹苑西门,"[[121.39507422, 30.964663710000025]]",7.0
牡丹苑,"[[121.39565363999998, 30.96477315000002]]",7.0
牡丹苑东门,"[[121.39615314000002, 30.964912605000013]]",7.0
金团公园,"[[121.74943535999996, 30.979004309999965]]",7.0
上海奉贤建材市场文化娱乐广场,"[[121.64695560000001, 30.983360399999967]]",7.0
闵行开发区生态公园西洋园·企业园,"[[121.37097275999997, 31.000311359999973]]",7.0
闵行市民文化广场,"[[121.36719996000002, 31.001237055000004]]",7.0
古藤园,"[[121.38252066000004, 31.004698724999987]]",7.0
红园南门,"[[121.41130211999996, 31.005370529999972]]",7.0
红园,"[[121.40987111999996, 31.00551970499997]]",7.0
上海电机学院闵行校区－自强园,"[[121.39712297999998, 31.006031220000015]]",7.0
红园北门,"[[121.40858034, 31.00613863500002]]",7.0
闵行公园,"[[121.42053972000001, 31.010434289999996]]",7.0
银杏公园,"[[121.40635932, 31.013144280000045]]",7.0
景谷园,"[[121.39479396, 31.01543734499997]]",7.0
滨江公园,"[[121.46298371999998, 31.015790459999966]]",7.0
鹤坡园,"[[121.63807278000002, 31.016211479999985]]",7.0
