Point,Type,NAME,KIND
"[[121.34131272030587, 30.712520970266624]]",5,乐厦商场,2200
"[[121.33627686038881, 30.71387425479311]]",5,北随塘河路商业街,2200
"[[121.33496862020569, 30.71571529472508]]",5,石化百货,2200
"[[121.33452401966778, 30.717469350430207]]",5,金山不夜城步行街,2200
"[[121.3540050600856, 30.721583339599448]]",5,海景商业广场,2200
"[[121.32776033996774, 30.72869725487444]]",5,东门晶铺,2200
"[[121.3320110395779, 30.728919284897167]]",5,瑞鑫百货东门,2200
"[[121.33185156010143, 30.729379410431463]]",5,瑞鑫百货,2200
"[[121.33156248022433, 30.73144936469643]]",5,金山欧洲商业广场,2200
"[[121.34313881980077, 30.731779350236835]]",5,金山壹号,2200
"[[121.3594855196411, 30.732410970190152]]",5,乐禧汇,2200
"[[121.34380769956577, 30.732498000282533]]",5,百联金山购物中心,2200
"[[121.34380769956577, 30.732498000282533]]",5,东方商厦,2200
"[[121.30092575991591, 30.73282231469812]]",5,上海金山国际贸易城,2200
"[[121.32324989996305, 30.732883515362033]]",5,易家中心,2200
"[[121.32324989996305, 30.732883515362033]]",5,易家中心・溢佰纷购物中心,2200
"[[121.34317914000546, 30.73323887977051]]",5,百联金山购物中心西门,2200
"[[121.35077351988207, 30.734885114856276]]",5,蓝堡商业街,2200
"[[121.34305926037666, 30.73493821532643]]",5,百联金山购物中心北门,2200
"[[121.33606283972833, 30.747494070395057]]",5,涌金商业广场,2200
"[[121.33056438024202, 30.74810350497288]]",5,思致广场,2200
"[[121.33204128018099, 30.749060475360707]]",5,欧富商业广场,2200
"[[121.34008440017502, 30.751355250244686]]",5,红星国际广场,2200
"[[121.33303920029891, 30.759773939715657]]",5,金山万达广场,2200
"[[121.35255839985034, 30.76203847489574]]",5,香涌商业广场东门,2200
"[[121.35193956016258, 30.76269925536635]]",5,香涌商业广场,2200
"[[121.18598154041578, 30.787883729650495]]",5,上海永佳大卖场,2200
"[[121.28483808011337, 30.8054264396785]]",5,金来源商业广场,2200
"[[121.50945558001104, 30.839826329921245]]",5,上师大校园生活中心,2200
"[[121.50360485967661, 30.839909129602667]]",5,海尚・生活广场,2200
"[[121.50140508018035, 30.844418850149886]]",5,应用・品盛商业中心,2200
"[[121.50853055983751, 30.85241597971369]]",5,佳源梦想广场,2200
"[[121.06833390038928, 30.86778460477578]]",5,兴隆百货商店,2200
"[[121.84583220019593, 30.86843251504859]]",5,临港滨河商业街,2200
"[[121.31294003965118, 30.877063109974607]]",5,隆亭商业街,2200
"[[121.91631533978116, 30.887973540246733]]",5,临港新世界休闲广场,2200
"[[121.16350061975785, 30.888307259772255]]",5,金上海生活广场,2200
"[[121.16562443981616, 30.888390824776863]]",5,港翔・休闲广场,2200
"[[121.16617542025948, 30.888411705236088]]",5,金龙新世界广场,2200
"[[121.00851323989409, 30.891399750398236]]",5,鎏园商业城,2200
"[[121.16130570019797, 30.894249870135432]]",5,五福商业广场,2200
"[[121.1700513597825, 30.89709301473092]]",5,上海金山百货有限公司,2200
"[[121.15689731975559, 30.897760229850782]]",5,康隆商业广场,2200
"[[121.92009948010697, 30.89933009990429]]",5,百润时代购物中心,2200
"[[121.01002776027306, 30.90701709016666]]",5,圣罗兰广场,2200
"[[121.39233894019003, 30.908357730225184]]",5,鸿园针织百货店,2200
"[[121.39231895995212, 30.908447684912794]]",5,一新百货店,2200
"[[121.64281902028165, 30.90885250483926]]",5,太阳城时代广场,2200
"[[121.01031666028578, 30.908855249570102]]",5,环球奥莱斯购物公园,2200
"[[121.47307523963073, 30.909542130165264]]",5,正阳南港商业街,2200
"[[121.45343508036478, 30.912230925017276]]",5,理想未来广场,2200
"[[121.81476312002201, 30.91241155474951]]",5,鸿音广场,2200
"[[121.45410630016568, 30.912921720361133]]",5,新发展商业街南门,2200
"[[121.81308894030244, 30.91304826036894]]",5,绿地泥城商业广场,2200
"[[121.64362740018441, 30.913358489602707]]",5,星依生活购物广场,2200
"[[121.45284341998783, 30.914108505303368]]",5,新发展商业街,2200
"[[121.4884342797183, 30.915519344642142]]",5,南桥国际商业广场西门,2200
"[[121.49159543987773, 30.91633829967278]]",5,上海南桥国际商业广场,2200
"[[121.4544364197051, 30.91644000040577]]",5,鸿雁商场,2200
"[[121.48943778012952, 30.91682159983702]]",5,南桥国际商业广场北门,2200
"[[121.47166979982148, 30.916923885129258]]",5,正大生活馆,2200
"[[121.47969582010603, 30.917065139844382]]",5,美人鱼休闲街,2200
"[[121.48356815964289, 30.917295225094612]]",5,绿天商城,2200
"[[121.48456139968891, 30.917827530216464]]",5,绿地未来中心A4楼,2200
"[[121.47926435956265, 30.91817335461669]]",5,百联南桥购物中心,2200
"[[121.47926435956265, 30.91817335461669]]",5,东方商厦（奉贤店）,2200
"[[121.48013699962296, 30.918765239824026]]",5,南方国际广场,2200
"[[121.4534138401766, 30.918776445376686]]",5,余庆商店,2200
"[[121.4357484599235, 30.922354485371287]]",5,邻里汇浩广社区主题商街,2200
"[[121.50046638041923, 30.922481250209557]]",5,宣禾丰谷,2200
"[[121.48581438012957, 30.923587124945968]]",5,贤城广场,2200
"[[121.46145641967817, 30.925811519785846]]",5,阿波罗休闲广场,2200
"[[121.48224192042835, 30.927204944652537]]",5,南郊休闲商业街,2200
"[[121.4808366595843, 30.930269174982456]]",5,上海之鱼,2200
"[[121.45930074023708, 30.931843410345145]]",5,上海奉贤宝龙城市广场,2200
"[[121.45824918005567, 30.93631982989627]]",5,南桥・新都汇南门,2200
"[[121.45801895990712, 30.93696917998375]]",5,南桥・新都汇,2200
"[[121.45789871965034, 30.937318830099983]]",5,南桥・新都汇北门,2200
"[[121.45716665981351, 30.937786920030355]]",5,南桥・新都汇西区东门,2200
"[[121.4570266200825, 30.938346450328453]]",5,南桥・新都汇西区,2200
"[[121.31417160003933, 30.944291399828245]]",5,上海双高商务广场,2200
"[[121.64305536031667, 30.948498270079156]]",5,城尚城,2200
"[[121.49033670017866, 30.962037780219404]]",5,汇金坊,2200
"[[121.17707802013456, 30.973599270190213]]",5,林天商都,2200
"[[121.73889545965783, 30.97421968459087]]",5,美林商业广场,2200
"[[121.44522888000883, 30.97442456993796]]",5,欧士通时尚广场,2200
"[[121.86224802013007, 30.977812350259832]]",5,鑫军财富A3,2200
"[[121.02333336034636, 30.978225270379973]]",5,福来登商厦,2200
"[[121.02330329960765, 30.978884969865497]]",5,朋联国际购物中心,2200
"[[121.49718893971783, 30.980636774567508]]",5,汇欢商业广场,2200
"[[121.42732788007766, 30.991181175371032]]",5,连城商业广场,2200
"[[121.36866696011211, 30.99616708514293]]",5,美惠全商业广场,2200
"[[121.42034820030928, 31.003576469978206]]",5,滨江生活广场,2200
"[[121.24785095995392, 31.003674524859484]]",5,城东商业广场,2200
"[[121.42121939965571, 31.003997310427536]]",5,上海西南商城南门,2200
"[[121.42097909990558, 31.00419697521029]]",5,上海西南商城,2200
"[[121.42090907959043, 31.00449676511368]]",5,上海西南商城东北门,2200
"[[121.42102931984729, 31.0046268601415]]",5,上海西南商城北门,2200
"[[121.21483013959934, 31.00550161540732]]",5,戴家浜生活广场,2200
"[[121.41503424033795, 31.006281779980178]]",5,闵行百货商店,2200
"[[121.23015569972588, 31.006666170007804]]",5,鹿都国际购物广场,2200
"[[121.23289764001413, 31.00693810520945]]",5,大江璞邸休闲商业广场,2200
"[[121.22968517982721, 31.00756526992135]]",5,鹿都国际购物广场2号门,2200
"[[121.23050580040243, 31.007795759866525]]",5,鹿都国际购物广场3号门,2200
"[[121.23112625976907, 31.007796210426825]]",5,乐颂坊精致生活广场,2200
"[[121.39965197975513, 31.008129254561496]]",5,老闵行大食汇餐饮广场,2200
"[[121.28106725964639, 31.008133889667306]]",5,采杰商业广场,2200
"[[121.22385065988011, 31.00849006526441]]",5,申越广场,2200
"[[121.22766360009516, 31.00875295508481]]",5,世纪广场,2200
"[[121.23120617982133, 31.008815639630186]]",5,平高世贸中心商城,2200
"[[121.2262124396524, 31.00901166035988]]",5,上海新纪元商场,2200
"[[121.22869427981725, 31.009073534616]]",5,岳庙商业街,2200
"[[121.229534879731, 31.009134149821207]]",5,松江商城,2200
"[[121.23111600030326, 31.009155345043233]]",5,上海第一百货松江店,2200
"[[121.2298149600924, 31.009554090049313]]",5,松江商城东门,2200
"[[121.20428358042295, 31.01072327975561]]",5,飞航广场永航商业中心,2200
"[[121.20408306038496, 31.012102079847217]]",5,上海飞航广场,2200
"[[121.25024837985893, 31.01241811510394]]",5,玩库金鳞广场,2200
"[[121.40714898014141, 31.013064000103554]]",5,燎升城市生活广场,2200
"[[121.40913906021956, 31.01447326472944]]",5,千代广场,2200
"[[121.20420276014929, 31.014790514970365]]",5,荣丰生活广场,2200
"[[121.1864126403311, 31.015551870222716]]",5,华亭・万科红人馆,2200
"[[121.4146830595756, 31.01626561536588]]",5,置业广场,2200
"[[121.41541422009031, 31.017146129890023]]",5,置业广场精品区,2200
"[[121.19420699975335, 31.01810395463381]]",5,玉乐商业街,2200
"[[121.25106611990554, 31.018133205083423]]",5,颐思殿广场,2200
"[[121.19282478043932, 31.01876153981327]]",5,新理想商业中心,2200
"[[121.25726208008095, 31.021128495183994]]",5,三铭休闲广场,2200
"[[121.64022216042437, 31.022426789764637]]",5,新场购物广场,2200
"[[121.64347908039534, 31.026241394624712]]",5,石笋里,2200
"[[121.20713370016014, 31.030103745391663]]",5,兰桥休闲商业街,2200
"[[121.22640665993946, 31.031225459887175]]",5,9商业广场南门,2200
"[[121.22666550011283, 31.033493325256806]]",5,9商业广场东门,2200
"[[121.22629506036881, 31.03353283517223]]",5,9商业广场,2200
"[[121.13535816015099, 31.03357504485252]]",5,文翔商厦,2200
"[[121.20712127962338, 31.033919655168]]",5,兰桥休闲商业广场,2200
"[[121.21007436004385, 31.034682315336617]]",5,安信生活广场,2200
"[[121.21372872010444, 31.034756610129513]]",5,嘉和休闲广场,2200
"[[121.2123871798245, 31.034774969789083]]",5,阳光新生活广场,2200
"[[121.24253861966164, 31.03526587462045]]",5,中山广场,2200
"[[121.1357791795656, 31.035305069773173]]",5,秦安商业广场,2200
"[[121.23090954024319, 31.035346380131415]]",5,永翔商业,2200
"[[121.214559420281, 31.035396914835836]]",5,嘉和休闲广场东门,2200
"[[121.23049896015894, 31.035435795225766]]",5,松江商业广场,2200
"[[121.21328771955271, 31.03553524495564]]",5,嘉和休闲广场西门,2200
"[[121.22900658018958, 31.03645293025859]]",5,通跃商业广场,2200
"[[121.24344870029739, 31.03698523538035]]",5,盛茸生活广场,2200
"[[121.24268783967213, 31.037853914826414]]",5,施惠特・呈远商业广场,2200
"[[121.71068370009274, 31.037938694814954]]",5,汇展商务休闲广场,2200
"[[121.44084246011155, 31.038787664719017]]",5,万乐城,2200
"[[121.59230778008013, 31.039570215193393]]",5,咸塘小镇商业步行街,2200
"[[121.21654913973109, 31.039574760366968]]",5,开元地中海商业广场东门,2200
"[[121.21380522003491, 31.040590409719677]]",5,开元地中海商业广场,2200
"[[121.20744744034722, 31.040592884653975]]",5,东鼎购物中心,2200
"[[121.21650845979762, 31.040603639646342]]",5,开元地中海商业广场东北门,2200
"[[121.2152169595951, 31.04064207037534]]",5,开元地中海商业广场北门,2200
"[[121.22947403969525, 31.04125834519656]]",5,文荟・生活空间,2200
"[[121.20661511959216, 31.042399949997737]]",5,东明广场南门,2200
"[[121.73388390032177, 31.042421415016392]]",5,禹洲商业广场,2200
"[[121.4514185404334, 31.04243941494709]]",5,永德生活广场2号门,2200
"[[121.20719562028171, 31.042910069744003]]",5,东明国际商城,2200
"[[121.20639462021562, 31.042929104794432]]",5,东明广场,2200
"[[121.20691518019146, 31.04294971455775]]",5,东明广场东门,2200
"[[121.45094694044909, 31.042967850286132]]",5,永德生活广场,2200
"[[121.45186943982286, 31.043079809585656]]",5,永德生活广场3号门,2200
"[[121.20660450039748, 31.04350875022866]]",5,东明广场北门,2200
"[[121.46218038022036, 31.043595374726813]]",5,惠富生活广场,2200
"[[121.76595071984994, 31.043730239758844]]",5,南欧风情商业街,2200
"[[121.41422297990667, 31.04378167468458]]",5,777CENTER,2200
"[[121.57484274000046, 31.04386798531931]]",5,亿联中心,2200
"[[121.45939199984096, 31.044727890080132]]",5,联灵百货购物商场,2200
"[[121.5787575599135, 31.04661010457275]]",5,两河流域・鑫华坊,2200
"[[121.18062834032574, 31.048161929729304]]",5,星辰百货文涵路店,2200
"[[121.75196435996723, 31.048514865069016]]",5,南汇商贸城,2200
"[[121.75560251964066, 31.048562295313722]]",5,海燕商场,2200
"[[121.40313498029512, 31.048742565317184]]",5,北桥青年城2号门,2200
"[[121.7557722603816, 31.048891875259905]]",5,浦东商场南汇店,2200
"[[121.4037545403398, 31.049002079982053]]",5,北桥青年广场1号门,2200
"[[121.4039743202587, 31.049091944737512]]",5,北桥青年广场,2200
"[[121.40354448029356, 31.049461844888285]]",5,根雕广场,2200
"[[121.19389362019442, 31.051555019648475]]",5,华信广场,2200
"[[121.20126281972341, 31.051563750266922]]",5,樱花广场,2200
"[[121.19585597956987, 31.05160726486347]]",5,尚网商场大学城旗舰店,2200
"[[121.20035148003686, 31.05167256014066]]",5,启源广场,2200
"[[121.20088230037788, 31.05167318966607]]",5,樱花广场西门,2200
"[[121.1962564800526, 31.05175760992583]]",5,尚网商场大学城旗舰店东门,2200
"[[121.20163307960297, 31.05176399960901]]",5,樱花广场东门,2200
"[[121.19523515957499, 31.051836314993977]]",5,尚网商场大学城旗舰店西门,2200
"[[121.20122250041811, 31.05190336484845]]",5,樱花广场北大门,2200
"[[121.22582112034851, 31.054469850103523]]",5,四季花城三湘财富广场,2200
"[[121.2258508195597, 31.055149125132104]]",5,四季花城三湘财富广场北门,2200
"[[121.75530965991291, 31.05571621513124]]",5,金梅商业广场,2200
"[[121.22247582040292, 31.056503669608773]]",5,三湘风情街,2200
"[[121.22585981997477, 31.056677504962884]]",5,生活广场,2200
"[[121.43899007972843, 31.056767775312572]]",5,塘湾百货商店,2200
"[[121.76017650034535, 31.05766111506852]]",5,弘基商业休闲广场,2200
"[[121.39075871983918, 31.0582213198581]]",5,鑫都商业广场,2200
"[[121.23875393974258, 31.059399914674415]]",5,松江万达广场,2200
"[[121.23743219983626, 31.05957816030387]]",5,松江万达广场2号门,2200
"[[121.23997523976564, 31.059741014935966]]",5,松江万达广场7号门,2200
"[[121.23699120018372, 31.060236914602008]]",5,松江万达广场3号门,2200
"[[121.23913392039415, 31.060259459706366]]",5,松江万达广场6号门,2200
"[[121.23852300013638, 31.060308690393803]]",5,松江万达广场5号门,2200
"[[121.40727282038435, 31.06034338533903]]",5,强劲都市生活广场,2200
"[[121.237932239981, 31.06034792961332]]",5,松江万达广场4号门,2200
"[[121.23045305966106, 31.060359045233746]]",5,保利西子湾风情街,2200
"[[121.20425190000529, 31.06238786990432]]",5,中星・佘山溪语,2200
"[[121.53238289985094, 31.06313900975757]]",5,浦江中心休闲广场,2200
"[[121.53400775985028, 31.064052645413327]]",5,夏威夷商业广场,2200
"[[121.30361315991942, 31.06414889985188]]",5,新九广场,2200
"[[121.31056962009205, 31.06794622513827]]",5,新桥时尚生活休闲街,2200
"[[121.5214774203468, 31.068746774643976]]",5,星街,2200
"[[121.39517753961185, 31.06924474544875]]",5,上海旺基商场,2200
"[[121.5173640598035, 31.0701350248116]]",5,金硕广场,2200
"[[121.3516042200588, 31.071900330136188]]",5,春申商业广场,2200
"[[121.75886303959771, 31.074609914615905]]",5,五角世贸商城,2200
"[[121.31687609975222, 31.075261245010502]]",5,火龙果生活广场,2200
"[[121.32385163994124, 31.07633858965422]]",5,河谷三号休闲广场,2200
"[[121.50770868021155, 31.07766235483392]]",5,红星国际广场,2200
"[[121.494942899995, 31.0781344503446]]",5,世博家园商业广场,2200
"[[121.4926047004466, 31.079576835202822]]",5,上海浦江绿地乐和城,2200
"[[121.33870253969059, 31.080681854683895]]",5,弘基广场,2200
"[[121.40758098027814, 31.082680800278723]]",5,鑫佳休闲生活广场,2200
"[[121.31211509963231, 31.083115004653756]]",5,园艺生活广场,2200
"[[121.25221758037705, 31.083632054575745]]",5,颖创财富中心,2200
"[[121.25982095976954, 31.08415513535124]]",5,亚美尚购物广场,2200
"[[121.39472357982937, 31.08649333489953]]",5,龙盛国际商业广场南门,2200
"[[121.39483355972106, 31.08803251468884]]",5,龙盛国际商业广场,2200
"[[121.39462349967482, 31.088542274706235]]",5,好爱广场,2200
"[[121.33460826006316, 31.090262085127158]]",5,绿地金御广场,2200
"[[121.33963782022929, 31.091822505104567]]",5,新闵生活广场,2200
"[[121.34515625995348, 31.09395172469241]]",5,加州艺术广场,2200
"[[121.31978813961098, 31.095464805256626]]",5,漕河泾・松江新兴产业园创新生活广场,2200
"[[121.49980866034154, 31.096978334582495]]",5,O＇MALL华侨城商业中心,2200
"[[121.49071685979526, 31.09941063019648]]",5,幸福港湾,2200
"[[121.34515572036022, 31.099668525182295]]",5,亚繁・亚乐城,2200
"[[121.40870094019627, 31.10003414995613]]",5,麦多生活广场,2200
"[[121.18354992019275, 31.101907409899113]]",5,佘山商业中心,2200
"[[121.40795088042891, 31.101933195260784]]",5,北建华清商业广场,2200
"[[121.35277980034756, 31.102093934687353]]",5,巴比伦生活恒泰生活广场,2200
"[[121.18137570032833, 31.102403264599083]]",5,佘山天地休闲广场,2200
"[[121.35875723965492, 31.105351754879635]]",5,亿丰时代广场,2200
"[[121.60632419980207, 31.10538199458344]]",5,绿地东海岸时尚广场,2200
"[[121.22905481982409, 31.10587928999727]]",5,佘山湾生活购物广场,2200
"[[121.4910576003281, 31.106827529766726]]",5,都灵广场,2200
"[[121.40636129993413, 31.106941109644588]]",5,兴梅路尚乐坊,2200
"[[121.04789886004434, 31.107100590020245]]",5,朱家角百货商店,2200
"[[121.34947607965739, 31.10799631477817]]",5,康城生活馆,2200
"[[121.37398019972645, 31.10826739472457]]",5,海星商场,2200
"[[121.38205535986708, 31.108552965447103]]",5,仲盛世界商城南门,2200
"[[121.30588295973092, 31.108778685388067]]",5,金汇商业街西门,2200
"[[121.37349041994695, 31.109077170375194]]",5,凯德龙之梦闵行店西南门,2200
"[[121.2707919602808, 31.10910619509489]]",5,汇泾生活购物中心,2200
"[[121.37403005993937, 31.109366744879388]]",5,凯德龙之梦闵行店南门,2200
"[[121.38382422021161, 31.10938155041832]]",5,上海莘庄百盛,2200
"[[121.38382422021161, 31.10938155041832]]",5,仲盛世界商城东门,2200
"[[121.36130172029826, 31.109465024591223]]",5,欣欣商场6号门,2200
"[[121.36154111982681, 31.109584545390526]]",5,欣欣商场,2200
"[[121.37360021997424, 31.109726745293138]]",5,凯德龙之梦闵行店东门,2200
"[[121.36098239981797, 31.109765399953318]]",5,欣欣商场1号门,2200
"[[121.37469966006131, 31.10987605523586]]",5,凯德龙之梦闵行店东南门,2200
"[[121.27120182000803, 31.10990562044809]]",5,汇泾商业广场,2200
"[[121.3613215197723, 31.1099647050072]]",5,欣欣商场2号门,2200
"[[121.37291082037817, 31.110256890243384]]",5,凯德龙之梦闵行店,2200
"[[121.0529885398893, 31.11027088459369]]",5,角里・祥和坊,2200
"[[121.38324443987906, 31.110371280410327]]",5,仲盛世界商城,2200
"[[121.3723414802752, 31.110747209616044]]",5,东苑・丽宝广场,2200
"[[121.0525289998136, 31.110910875436588]]",5,朱家角商城,2200
"[[121.31452728010997, 31.111494705416327]]",5,金汇商业街,2200
"[[121.05183960021745, 31.111611030025117]]",5,轩和坊,2200
"[[121.05208943997576, 31.111940699903442]]",5,尚都里度假休闲小镇,2200
"[[121.75767936001458, 31.11431827536822]]",5,壹号街,2200
"[[121.04487647966583, 31.116282525118535]]",5,证大・大拇指广场,2200
"[[121.56463061980735, 31.116295079654257]]",5,万达百货上海周浦店,2200
"[[121.56526188003178, 31.116366000190816]]",5,万达广场B号门,2200
"[[121.38220440001318, 31.116598199747195]]",5,蓝海食尚休闲商业街,2200
"[[121.56656436005723, 31.116737744851115]]",5,万达广场C号门,2200
"[[121.56410952023825, 31.11695383485167]]",5,上海周浦万达广场,2200
"[[121.56514145991045, 31.117195214687435]]",5,万达广场D号门,2200
"[[121.49010396012974, 31.11725920504827]]",5,漫城商业街F座,2200
"[[121.26869963987657, 31.117290075176854]]",5,晶尚坊,2200
"[[121.4911274398795, 31.11769196960872]]",5,漫城商业街A座,2200
"[[121.4911274398795, 31.11769196960872]]",5,漫城商业街,2200
"[[121.49144855990323, 31.117782870383188]]",5,漫城商业街C座,2200
"[[121.49194031998982, 31.11803419492223]]",5,漫城商业街E座,2200
"[[121.49171945998515, 31.11810349488045]]",5,漫城商业街B座,2200
"[[121.49182998036937, 31.11812383484714]]",5,漫城商业街D座,2200
"[[121.26839993990542, 31.118239844693136]]",5,晶尚坊北门,2200
"[[121.26837005993039, 31.118749739608845]]",5,晶尚坊,2200
"[[121.25680649972023, 31.119105464645564]]",5,三湘商业广场3号楼,2200
"[[121.25680649972023, 31.119105464645564]]",5,三湘商业广场,2200
"[[121.25599650013842, 31.119905069863158]]",5,三湘商业广场7号楼,2200
"[[121.25584637990653, 31.119954975042077]]",5,三湘商业广场北门,2200
"[[121.25625660026199, 31.12001513968699]]",5,三湘商业广场6号楼,2200
"[[121.44882672037694, 31.12038026983364]]",5,华泾广场,2200
"[[121.3563385795619, 31.120424774583746]]",5,莘影星百货,2200
"[[121.57451819985513, 31.12047675000212]]",5,小上海休闲广场,2200
"[[121.57439724014063, 31.121415584661555]]",5,小上海休闲广场北门,2200
"[[121.57136297971788, 31.121752139749532]]",5,兴宸・和富广场,2200
"[[121.41930689959385, 31.125107295365446]]",5,华光生活广场,2200
"[[121.41981755983265, 31.125487589880436]]",5,莘虹玫商业广场2号门,2200
"[[121.42030805996907, 31.12557799512843]]",5,莘虹玫商业广场3号门,2200
"[[121.41970740007649, 31.125627449747057]]",5,莘虹玫商业广场,2200
"[[121.42056833995694, 31.125678165215234]]",5,莘虹玫商业广场4号门,2200
"[[121.42080863970709, 31.12578832497131]]",5,莘虹玫商业广场5号门,2200
"[[121.40114201968854, 31.12590285003656]]",5,莲花河畔商业街,2200
"[[121.336429139893, 31.128445440304844]]",5,颐景园商业广场,2200
"[[121.44608082037357, 31.128971399810304]]",5,东阔生活广场,2200
"[[121.4459605801168, 31.129011134556286]]",5,东阔生活广场,2200
"[[121.76867267990028, 31.129588799683397]]",5,嘉荣商务广场,2200
"[[121.51570841960789, 31.131102554739194]]",5,上海寿春购物广场,2200
"[[121.39558596042377, 31.13280274465098]]",5,友谊商城,2200
"[[121.42772729957531, 31.13293185042461]]",5,上海昊元生活广场（凌云店）,2200
"[[121.39484687957987, 31.133193209599]]",5,友谊商城西门,2200
"[[121.39643537998887, 31.133431934636164]]",5,百联南方购物中心,2200
"[[121.39516692041708, 31.134362625035223]]",5,百联南方购物中心北门,2200
"[[121.39815420025613, 31.134900149822123]]",5,莲花国际广场,2200
"[[121.3972650000798, 31.13490082521298]]",5,莲花国际广场西门,2200
"[[121.36807313956373, 31.13508460527037]]",5,港澳购物中心,2200
"[[121.39673561955328, 31.13531117956739]]",5,南方淘宝城,2200
"[[121.3970454000253, 31.13536090488192]]",5,南方休闲广场台湾风情街,2200
"[[121.09690025993922, 31.1365738349146]]",5,金域广场,2200
"[[121.39564716018833, 31.13672179497489]]",5,天呈广场,2200
"[[121.42157147974001, 31.13673524973202]]",5,凌云・壹街坊,2200
"[[121.35745404017192, 31.136942924776207]]",5,明泉・财富108广场,2200
"[[121.57618391965215, 31.137295995014227]]",5,康桥半岛ｓｐｇ盛高商业,2200
"[[121.56881147986604, 31.137305265225848]]",5,中邦城市商业休闲街,2200
"[[121.57456320013162, 31.137515550102563]]",5,康桥半岛商业街,2200
"[[121.35139524009836, 31.13808205464317]]",5,华友商业广场,2200
"[[121.49801892043682, 31.139508734640422]]",5,三林休闲街,2200
"[[121.41775799993181, 31.141100114678572]]",5,华轻梅陇购物中心,2200
"[[121.38142247996359, 31.14123259470854]]",5,半岛大都汇,2200
"[[121.49692505974386, 31.14171436512588]]",5,三林时代生活广场,2200
"[[121.35075587968015, 31.142000790204378]]",5,碧林湾休闲街,2200
"[[121.50915300041072, 31.142095514896113]]",5,中房金谊广场,2200
"[[121.50867167965433, 31.142853944653865]]",5,中房金谊广场B门,2200
"[[121.50838080023377, 31.143293054830707]]",5,中房金谊广场C门,2200
"[[121.5020912404185, 31.143336975021477]]",5,弘声广场,2200
"[[121.39114374029143, 31.144353795291508]]",5,无限ｅ家,2200
"[[121.52136113980488, 31.1445757353819]]",5,三林城市商业广场,2200
"[[121.5222640195689, 31.144757939827123]]",5,三林城市商业广场东区,2200
"[[121.09009877993485, 31.14484771465043]]",5,新城忆华里吾悦广场,2200
"[[121.38103422015324, 31.145522174708724]]",5,古美生活购物广场,2200
"[[121.75170173994346, 31.145738940100046]]",5,绿地新都会・东海岸时代广场南区,2200
"[[121.52123081994651, 31.146064830127813]]",5,安盛步行街,2200
"[[121.34306141964889, 31.146651855398872]]",5,339广场3号门,2200
"[[121.34292155978218, 31.146981929972142]]",5,339广场2号门,2200
"[[121.34304144031026, 31.14708165039793]]",5,339广场,2200
"[[121.52421018035557, 31.14755189960053]]",5,安盛步行街东口,2200
"[[121.10439923973323, 31.147580564591443]]",5,汇丰坊,2200
"[[121.10993676037322, 31.1481091348288]]",5,货郎百货店青浦NO．002,2200
"[[121.10685786030206, 31.148199630008946]]",5,青浦百货,2200
"[[121.31235845977518, 31.14854828997163]]",5,贝尚坊时尚生活中心,2200
"[[121.56363035965344, 31.148690985400698]]",5,莱茵广场,2200
"[[121.31159004034816, 31.14873962973015]]",5,摩立盛汇生活广场,2200
"[[121.09936068005139, 31.14907028976213]]",5,今世缘・国缘,2200
"[[121.7529615597283, 31.149516330114608]]",5,绿地新都会・东海岸时代广场北区,2200
"[[121.11213510005489, 31.149827369637457]]",5,成泰百货,2200
"[[121.56045911989261, 31.14983007030159]]",5,康桥新天地,2200
"[[121.31093142004906, 31.14986022007316]]",5,古玩饰品街,2200
"[[121.10768676003606, 31.150077974718762]]",5,东方商厦青浦店,2200
"[[121.10819652005345, 31.15014781516961]]",5,上海桥梓湾购物中心,2200
"[[121.38955523988253, 31.150282455371084]]",5,万源城・乐斯生活会馆,2200
"[[121.11132528033747, 31.15031710535024]]",5,稻香村・商业广场,2200
"[[121.10733684012311, 31.150317869773964]]",5,东方商厦青浦店西门,2200
"[[121.11183485959111, 31.15043694001279]]",5,九都购物中心,2200
"[[121.10777657982536, 31.150437660369803]]",5,东方商厦青浦店东门,2200
"[[121.14197387979074, 31.150564155411445]]",5,崧泽财富生活广场,2200
"[[121.11487415981469, 31.150886625317604]]",5,欧洲街,2200
"[[121.10807627979659, 31.15092721531883]]",5,桥梓湾商业街,2200
"[[121.11232446040557, 31.151156265449337]]",5,凯特利广场,2200
"[[121.10746625976014, 31.151606805110028]]",5,绿港购物广场,2200
"[[121.48772147976254, 31.151632139911392]]",5,森宏购物广场,2200
"[[121.53089124023859, 31.151637405441896]]",5,未来生活广场,2200
"[[121.10842583998058, 31.151806469892776]]",5,万紫千红商城,2200
"[[121.57264385982634, 31.1519309846273]]",5,亲水湾・生活广场,2200
"[[121.48699878006974, 31.15196986501732]]",5,森宏购物广场北门,2200
"[[121.40708670029107, 31.15230597044419]]",5,康健亮都新时代商场,2200
"[[121.57782551963211, 31.152901005077396]]",5,永乐街,2200
"[[121.42572461999535, 31.153190354751132]]",5,盛泰购物中心南商场西门,2200
"[[121.33396025985812, 31.153574924643152]]",5,万科・七宝国际,2200
"[[121.40668710002964, 31.15360574980557]]",5,康健广场,2200
"[[121.40768610023338, 31.153854735207915]]",5,康健广场西门,2200
"[[121.30889507974415, 31.15390149006177]]",5,晶久・九亭休闲购物广场,2200
"[[121.4267860799138, 31.153941224807753]]",5,盛泰购物中心南商场,2200
"[[121.30926426043737, 31.15403072983434]]",5,美物购物中心九亭店,2200
"[[121.35090582004764, 31.15417491004407]]",5,御前街,2200
"[[121.2237084599775, 31.154397885254276]]",5,米格天地,2200
"[[121.13245637975821, 31.154955929872344]]",5,富绅商业中心,2200
"[[121.55967648038526, 31.155175619858994]]",5,百联东郊购物中心南门,2200
"[[121.55914601977304, 31.15557513018817]]",5,百联东郊购物中心西门,2200
"[[121.55985647969283, 31.155715304817583]]",5,百联东郊购物中心,2200
"[[121.55970617959653, 31.156174889859336]]",5,百联东郊购物中心东门,2200
"[[121.42302138023265, 31.15624630502299]]",5,盛泰购物中心北商场西门,2200
"[[121.22289701968184, 31.15625571013301]]",5,奥特莱斯品牌直销广场,2200
"[[121.1979594596614, 31.156650404592526]]",5,朋联国际购物中心,2200
"[[121.3412641200432, 31.156809615171646]]",5,七宝商业街西门,2200
"[[121.42390230035093, 31.156826714881028]]",5,盛泰购物中心北商场,2200
"[[121.34187288012937, 31.156888410172037]]",5,七宝商业街南门,2200
"[[121.22280684016359, 31.157045189883654]]",5,奥特莱斯品牌直销广场2号门,2200
"[[121.34343941999325, 31.15718532044618]]",5,星钻城,2200
"[[121.34088485974848, 31.157220105323653]]",5,上海七宝商城西北门,2200
"[[121.34415780024231, 31.157253945013636]]",5,汇宝购物广场,2200
"[[121.34656259998405, 31.157319375189047]]",5,万科・七宝国际,2200
"[[121.50087803968981, 31.157458154969866]]",5,宝丰生活广场,2200
"[[121.34064546021993, 31.157720325332797]]",5,上海七宝商城西门,2200
"[[121.34524536028513, 31.157951534735624]]",5,汇宝购物广场2号门,2200
"[[121.34536506004955, 31.158021285254137]]",5,汇宝购物广场3号门,2200
"[[121.3410146400137, 31.158129419737016]]",5,上海七宝商城北门,2200
"[[121.34289059972153, 31.15815587959017]]",5,上海七宝商城,2200
"[[121.34598371987283, 31.158220004849404]]",5,汇宝购物广场5号门,2200
"[[121.4916951603035, 31.158360315276326]]",5,汇鑫美发足浴用品,2200
"[[121.5124245001906, 31.158407699655683]]",5,2049五d坊,2200
"[[121.34163329983697, 31.158428129554608]]",5,上海七宝商城东北门,2200
"[[121.39308126039195, 31.15843555525671]]",5,东兰购物广场,2200
"[[121.22251631957263, 31.158654030259328]]",5,奥特莱斯品牌直销广场3号门,2200
"[[121.34592378005847, 31.158829845021366]]",5,汇宝购物广场6号门,2200
"[[121.37443092015089, 31.158971865059584]]",5,漕宝购物中心东门,2200
"[[121.37565960001061, 31.158990765211698]]",5,漕宝购物中心步行街,2200
"[[121.37565960001061, 31.159000754880964]]",5,星宝・风情街,2200
"[[121.35036474024056, 31.159022085001304]]",5,上海七宝宝龙城市广场,2200
"[[121.37328216034352, 31.159102815342735]]",5,漕宝购物中心,2200
"[[121.2221257197263, 31.160102759834565]]",5,奥特莱斯品牌直销广场4号门,2200
"[[121.42378404040119, 31.160756430265153]]",5,中星城・心中城,2200
"[[121.14292392000303, 31.16083963464152]]",5,新城盛景商业步行街,2200
"[[121.11020117994053, 31.161208725402403]]",5,港隆广场,2200
"[[121.10995116031792, 31.161248729945015]]",5,百家店商场,2200
"[[121.48661735960358, 31.1630532753884]]",5,恒大长青商城,2200
"[[121.48676783956427, 31.16331360034244]]",5,恒大长青商城北门,2200
"[[121.3346480397753, 31.16368863022612]]",5,顺恒国际商业广场F座,2200
"[[121.33543625957576, 31.16428686015056]]",5,顺恒国际商业广场E座,2200
"[[121.33453823974801, 31.1644184849252]]",5,顺恒国际商业广场C座,2200
"[[121.33527660023489, 31.164716924946163]]",5,顺恒国际商业广场D座,2200
"[[121.33610477961189, 31.164765345344428]]",5,华商时代广场5号楼,2200
"[[121.33775105966382, 31.165142039873245]]",5,华商时代广场11号楼,2200
"[[121.53299885990955, 31.16522772008328]]",5,长青・生活广场,2200
"[[121.50292482022431, 31.165860015427455]]",5,亿丰时代广场,2200
"[[121.33811033972054, 31.16587099525028]]",5,华商时代广场7号楼,2200
"[[121.33359017984303, 31.165969499792674]]",5,顺恒国际商业广场B座,2200
"[[121.33299150025758, 31.166000594751722]]",5,顺恒国际商业广场,2200
"[[121.33299150025758, 31.166000594751722]]",5,顺恒国际商业广场A座,2200
"[[121.33642392022787, 31.16605409991682]]",5,凯德七宝购物广场南门,2200
"[[121.33831986017344, 31.16612047527972]]",5,华商时代广场,2200
"[[121.33831986017344, 31.16612047527972]]",5,华商时代广场1号楼,2200
"[[121.3361445602234, 31.166624340241206]]",5,凯德七宝购物广场西北门,2200
"[[121.33728197957979, 31.166712134757304]]",5,凯德七宝购物广场,2200
"[[121.45334489994715, 31.16684456982111]]",5,绿地新都会・汇中心,2200
"[[121.33663343978148, 31.167083159959958]]",5,凯德七宝购物广场北门,2200
"[[121.33731185955473, 31.167201824604554]]",5,凯德七宝购物广场东北门,2200
"[[121.33613447972252, 31.167234044615483]]",5,巴黎春天七宝店南门,2200
"[[121.42751490039244, 31.16757262497665]]",5,上海俐民商场,2200
"[[121.33599479972028, 31.16758414529211]]",5,巴黎春天七宝店北门,2200
"[[121.33696265999879, 31.16776221015798]]",5,巴黎春天七宝店,2200
"[[121.35190157999398, 31.16821554041487]]",5,龙通生活广场,2200
"[[121.42439999956034, 31.169617605068495]]",5,光大生活广场,2200
"[[121.09786541955349, 31.170006495303532]]",5,青浦卓越世纪中心,2200
"[[121.42729601979559, 31.170362310272488]]",5,徐汇日月光中心,2200
"[[121.27934394007082, 31.170503924716392]]",5,永业购物中心,2200
"[[121.26567726039727, 31.170804210146244]]",5,东江明珠广场,2200
"[[121.40895455980515, 31.17107578471974]]",5,ｉN　TOWN西门,2200
"[[121.36853267963951, 31.17148807531447]]",5,井亭天地生活广场西门,2200
"[[121.2663871798245, 31.1715238503455]]",5,鹤森生活广场徐泾店,2200
"[[121.40987544039933, 31.171586310060235]]",5,ｉN　TOWN,2200
"[[121.36937165987422, 31.171787189827008]]",5,井亭天地生活广场,2200
"[[121.34462580024062, 31.172545890280674]]",5,晋豪生活广场,2200
"[[121.53641003969165, 31.172693624611128]]",5,亿家美南新街坊,2200
"[[121.48932546020194, 31.172816025039587]]",5,林家花园休闲生活广场,2200
"[[121.34506481958576, 31.173094935383034]]",5,堡汇商业街,2200
"[[121.3662238195736, 31.173428340145854]]",5,万象城,2200
"[[121.3774736395968, 31.17363952524397]]",5,亲水花街,2200
"[[121.50290411962955, 31.174105724799375]]",5,浦东商场成山店,2200
"[[121.50505169977625, 31.174451954793916]]",5,巨隆广场,2200
"[[121.42185767998795, 31.174683569790965]]",5,中星社区商业・田林总汇,2200
"[[121.37758307989532, 31.174798545416607]]",5,新乐坊,2200
"[[121.51080072027705, 31.175497170258232]]",5,泰恒广场,2200
"[[121.48663607989121, 31.175697014905374]]",5,浦东商场西门,2200
"[[121.4871076798756, 31.175798265077887]]",5,浦东商场昌里店,2200
"[[121.48741872029782, 31.175859105113652]]",5,浦东商场东门,2200
"[[121.50966707987186, 31.176004094713264]]",5,泰恒广场西门,2200
"[[121.42970423965903, 31.176286605042797]]",5,上海汇阳广场,2200
"[[121.33893726004662, 31.176723914776908]]",5,明大商业广场,2200
"[[121.41199980005081, 31.176737640229952]]",5,新宜街,2200
"[[121.41172925969758, 31.17683722485814]]",5,新宜街西门,2200
"[[121.37732171982155, 31.17840592489361]]",5,长发购物中心,2200
"[[121.7495492998604, 31.17844273504427]]",5,东方现代商业广场,2200
"[[121.36665132040221, 31.178554019852214]]",5,乐虹坊精致生活广场,2200
"[[121.36737059997324, 31.17863340031122]]",5,乐虹坊精致生活广场东门,2200
"[[121.42509695975698, 31.17901949995006]]",5,华石路商业街,2200
"[[121.37029776013354, 31.179230685048182]]",5,虹桥大通阳商厦东南门,2200
"[[121.37015772040252, 31.179520575214454]]",5,虹桥大通阳商厦,2200
"[[121.3698679201684, 31.17976060516788]]",5,虹桥大通阳商厦北门,2200
"[[121.3687587602087, 31.179851415110733]]",5,金石广场,2200
"[[121.68995993959956, 31.179862260035335]]",5,界龙生活广场,2200
"[[121.53015108020824, 31.18093451991222]]",5,大华锦绣嘉年华,2200
"[[121.53036167984774, 31.181084999872894]]",5,巴黎春天成山店西门,2200
"[[121.53135491989369, 31.181107544977344]]",5,巴黎春天成山店,2200
"[[121.53158549977101, 31.18147798472129]]",5,巴黎春天成山店北门,2200
"[[121.41578898017735, 31.182422985132725]]",5,田尚坊时尚生活中心,2200
"[[121.3914072596374, 31.182481979759594]]",5,大众美林阁大酒店－商场,2200
"[[121.68907110005128, 31.182682230000964]]",5,川沙商业广场,2200
"[[121.36903686026298, 31.183778160034173]]",5,金汇四季广场,2200
"[[121.42242359996922, 31.184884259600956]]",5,光启城时尚购物中心南门,2200
"[[121.43253564000779, 31.18490262015981]]",5,飞洲国际广场,2200
"[[121.55127678009937, 31.18493691041018]]",5,S1生活时区百货广场,2200
"[[121.42304495955727, 31.1853852449332]]",5,光启城时尚购物中心西门,2200
"[[121.68896094029529, 31.18543087473509]]",5,恒越生活广场,2200
"[[121.5515174395782, 31.185727245416068]]",5,北蔡休闲广场,2200
"[[121.43160396035454, 31.186180619739837]]",5,上海金静贸易有限公司,2200
"[[121.42380672040386, 31.18631629506104]]",5,光启城时尚购物中心北门,2200
"[[121.6930343403626, 31.186333710432493]]",5,百联川沙购物中心,2200
"[[121.42343592003166, 31.18664551527835]]",5,光启城时尚购物中心,2200
"[[121.43776733989088, 31.186991520442334]]",5,星游城西门,2200
"[[121.43826846012144, 31.18716234036978]]",5,星游城,2200
"[[121.43787786027511, 31.18750159522253]]",5,星游城北门,2200
"[[121.45300776030003, 31.187606580279528]]",5,正大乐城,2200
"[[121.48736724040593, 31.188752505423814]]",5,世博源,2200
"[[121.38296202038104, 31.189283189967327]]",5,九洲生活广场,2200
"[[121.39817940015928, 31.1894724154197]]",5,虹桥大成商务广场,2200
"[[121.43779776035845, 31.1897007002272]]",5,腾飞PLAZA,2200
"[[121.48799922008803, 31.190563349718865]]",5,梅赛德斯－奔驰文化中心商场,2200
"[[121.43750741963179, 31.192909064901492]]",5,伊尚汇时尚购物中心,2200
"[[121.3798530595711, 31.193292464775475]]",5,森晟世洋国际广场,2200
"[[121.68662543961241, 31.193941904795103]]",5,新源商厦,2200
"[[121.31042832041067, 31.194417735190363]]",5,虹桥天地－购物中心,2200
"[[121.43436047955251, 31.19445278986437]]",5,美罗城南门,2200
"[[121.43356883963035, 31.19491120488827]]",5,东方商厦东门,2200
"[[121.66508502005777, 31.194971009804313]]",5,万家新天地商都,2200
"[[121.46906448004174, 31.195004085070572]]",5,海外滩・名品汇,2200
"[[121.53378870028834, 31.195010159990957]]",5,星河湾商业街,2200
"[[121.43522250041812, 31.195024200206703]]",5,美罗城,2200
"[[121.43658545985117, 31.195066634717456]]",5,汇联商厦,2200
"[[121.43638493981318, 31.195136250337747]]",5,汇联商厦西门,2200
"[[121.44169673961292, 31.19517594011765]]",5,宛平里生活广场,2200
"[[121.43316798031813, 31.195240335173338]]",5,东方商厦,2200
"[[121.43638511967757, 31.19539616969756]]",5,汇联商厦北门,2200
"[[121.5263228398272, 31.19587173029619]]",5,由由步行街,2200
"[[121.43213568001778, 31.19600821500719]]",5,港汇恒隆广场南门,2200
"[[121.67224163963998, 31.19610739494035]]",5,地纬生活广场,2200
"[[121.6936328400835, 31.196178179679308]]",5,潮人商城,2200
"[[121.40002709957106, 31.196257784968864]]",5,黄金城道步行街东口,2200
"[[121.43493197982707, 31.196503125418957]]",5,上海六百2号门,2200
"[[121.43490191998765, 31.19653309532613]]",5,上海六百3号门,2200
"[[121.43521259978172, 31.196763585271306]]",5,上海六百,2200
"[[121.43322809999687, 31.196789910226236]]",5,港汇恒隆广场,2200
"[[121.43415023964187, 31.19679161983744]]",5,太平洋百货徐汇店,2200
"[[121.4357437798516, 31.196984445275994]]",5,汇金百货徐汇店,2200
"[[121.69393236019042, 31.196997314574418]]",5,现代商业广场南门,2200
"[[121.50804042032915, 31.197069405129014]]",5,百联社区商业中心,2200
"[[121.50804042032915, 31.197069405129014]]",5,东上海商厦,2200
"[[121.31087742025679, 31.197105809685446]]",5,虹桥天地－新天地,2200
"[[121.69977191993827, 31.197196709560544]]",5,沙龙商场,2200
"[[121.39381116005703, 31.19720085003926]]",5,黄金城道步行街,2200
"[[121.43295755964373, 31.197229290199616]]",5,港汇恒隆广场东门,2200
"[[121.43381957960989, 31.19728086002376]]",5,太平洋百货徐汇店西门,2200
"[[121.6935530998957, 31.197317895004886]]",5,浦东商场现代店,2200
"[[121.6935530998957, 31.197317895004886]]",5,现代商业广场,2200
"[[121.43541311981971, 31.19740371011315]]",5,汇金百货北门,2200
"[[121.39430075997211, 31.19751040478136]]",5,776购物商城,2200
"[[121.50793998044581, 31.197638835164227]]",5,百联社区商业中心东门,2200
"[[121.69384254040095, 31.19768720969696]]",5,现代商业广场北门,2200
"[[121.41802494029878, 31.19804171974956]]",5,新・淮海坊,2200
"[[121.69369295976233, 31.198077314916198]]",5,玛雅・现代生活广场,2200
"[[121.69359306037151, 31.19807749478059]]",5,玛雅・现代生活广场A座,2200
"[[121.69440162013875, 31.198096035203918]]",5,玛雅・现代生活广场B座,2200
"[[121.41717299993411, 31.198260104820037]]",5,新・淮海坊西门,2200
"[[121.2279654602379, 31.19865632992574]]",5,朋联商城,2200
"[[121.43282741964984, 31.19872855537856]]",5,百联徐汇商业广场,2200
"[[121.2265452598559, 31.198775984723987]]",5,朋联国际购物中心,2200
"[[121.39875755991349, 31.19887714496435]]",5,上海高岛屋,2200
"[[121.67596458020122, 31.199129009995936]]",5,旺族・商业广场,2200
"[[121.22682534021737, 31.199195879985922]]",5,金客隆,2200
"[[121.39830773971053, 31.19967697501241]]",5,上海高岛屋北门,2200
"[[121.4448539400573, 31.200419924739748]]",5,上海青松城大酒店－商场,2200
"[[121.4504963998891, 31.200970049927903]]",5,百货折扣,2200
"[[121.47306606025053, 31.20118119005995]]",5,汇巧活广场,2200
"[[121.17639689969727, 31.20153214509245]]",5,美丽特服饰百货,2200
"[[121.18403934024346, 31.201993439745507]]",5,虹桥万科红生活广场,2200
"[[121.5809567998165, 31.20228027041823]]",5,上海传奇商业广场,2200
"[[121.69176570002705, 31.202358569892155]]",5,浦东商场金汇店,2200
"[[121.69176570002705, 31.202358569892155]]",5,金汇商业广场,2200
"[[121.69068767999248, 31.202430524649067]]",5,正大生活馆,2200
"[[121.69100718033715, 31.202439929759002]]",5,浦东商场西门,2200
"[[121.38760457978756, 31.202791425284133]]",5,星空广场,2200
"[[121.39521929963104, 31.20326685008517]]",5,上海世贸商城,2200
"[[121.71184650011594, 31.20433721958709]]",5,舜川生活广场,2200
"[[121.60850868003158, 31.204433115196146]]",5,张江商业广场西门,2200
"[[121.60882889983398, 31.20468326971715]]",5,张江商业广场,2200
"[[121.29250319976288, 31.205132685225337]]",5,诸翟包友杂货店,2200
"[[121.40239409990787, 31.205371635092966]]",5,友谊商城,2200
"[[121.50733697961806, 31.20577281006718]]",5,云天地1999,2200
"[[121.4025839998518, 31.2057813149558]]",5,友谊商城东门,2200
"[[121.59656028013285, 31.205807549978488]]",5,汇智国际商业中心,2200
"[[121.63399272028792, 31.205953800427572]]",5,高科商业广场,2200
"[[121.40256401961389, 31.206001229773]]",5,友谊商城西门,2200
"[[121.48211627974267, 31.206146040407504]]",5,百货折扣,2200
"[[121.27861133974162, 31.206196395247538]]",5,上海风尚国际生活中心,2200
"[[121.67913798013376, 31.206329459836752]]",5,金桥阳光花苑商业中心,2200
"[[121.40275373969337, 31.206400919966562]]",5,友谊商城北门,2200
"[[121.35976416018791, 31.206424949851666]]",5,福缘湾・九华商业广场,2200
"[[121.40061515996175, 31.206432104857853]]",5,万都商城南门,2200
"[[121.40094491977231, 31.20681172488127]]",5,万都商城,2200
"[[121.40045513999283, 31.20700189462176]]",5,万都商城北门,2200
"[[121.46495868009904, 31.207114350347112]]",5,海华商厦,2200
"[[121.44166740013043, 31.207121820116008]]",5,至尊汇商场,2200
"[[121.40260380022534, 31.207170600243053]]",5,尚嘉中心东门,2200
"[[121.47961086025302, 31.20726104955785]]",5,东方自选日用杂品商店,2200
"[[121.46375610036378, 31.20771194984669]]",5,日月光中心徐家汇区,2200
"[[121.3976269799013, 31.207773104645156]]",5,新虹桥商厦,2200
"[[121.46440751979125, 31.207773104645156]]",5,日月光中心徐家汇区南门,2200
"[[121.46406678015785, 31.207912469884597]]",5,日月光中心,2200
"[[121.46339519972881, 31.207921199603767]]",5,日月光中心瑞金区,2200
"[[121.40212392018279, 31.207970430291205]]",5,尚嘉中心,2200
"[[121.46297436017866, 31.208240340219568]]",5,日月光中心瑞金区西门,2200
"[[121.46314482037724, 31.209050384767536]]",5,日月光中心泰康区,2200
"[[121.46365584034483, 31.209331229552653]]",5,日月光中心泰康区北门,2200
"[[121.46426730019584, 31.209412319622956]]",5,日月光中心泰康路3号门,2200
"[[121.47273593981191, 31.209497730036276]]",5,友湾生活中心,2200
"[[121.4736679800933, 31.209699375126057]]",5,友湾地下商业广场,2200
"[[121.30330157990413, 31.210162380289688]]",5,爱趣生活广场,2200
"[[121.36161995979344, 31.210199909898]]",5,大资源生活广场,2200
"[[121.36649093980506, 31.210422209717265]]",5,百联西郊购物中心东门,2200
"[[121.51631628037202, 31.21046343014327]]",5,巴黎春天浦建店东门,2200
"[[121.36483403965926, 31.210524719840052]]",5,百联西郊购物中心,2200
"[[121.46263380040966, 31.210528950250918]]",5,TAIKANG　TERRACE西区,2200
"[[121.46263380040966, 31.210528950250918]]",5,TAIKANG　TERRACE,2200
"[[121.5577616402875, 31.210629300202115]]",5,证大喜玛拉雅中心南门,2200
"[[121.46289426026192, 31.210649370372174]]",5,TAIKANG　TERRACE中区,2200
"[[121.46289426026192, 31.210649370372174]]",5,TAIKANG　TERRACE东区,2200
"[[121.3665607802559, 31.21066196987406]]",5,东方商厦（西郊店）,2200
"[[121.5156365997493, 31.2107718598335]]",5,巴黎春天浦建店北门,2200
"[[121.51516607985079, 31.210900694911217]]",5,巴黎春天浦建店,2200
"[[121.55788169978061, 31.211109090312334]]",5,证大喜玛拉雅中心,2200
"[[121.30391016012581, 31.211450685200973]]",5,虹桥良华购物广场,2200
"[[121.66376652040867, 31.21146562473885]]",5,瑞唐晶品名都,2200
"[[121.39685693989586, 31.211541540110083]]",5,金光绿庭,2200
"[[121.6514982604365, 31.211886914849288]]",5,唐镇佳丽百货商场,2200
"[[121.40263295984325, 31.211978039554936]]",5,虹桥天都5号入口,2200
"[[121.6474734597324, 31.21205211041665]]",5,金瑟年华商业广场,2200
"[[121.40243316016219, 31.2120580954048]]",5,虹桥天都7号入口,2200
"[[121.40273286013351, 31.21216789543209]]",5,虹桥天都,2200
"[[121.6513583996705, 31.21219687518571]]",5,佳惠食品商店,2200
"[[121.40158355983351, 31.21241840968188]]",5,虹桥天都三号大堂入口,2200
"[[121.39911522029124, 31.212489779879455]]",5,天山百盛东门,2200
"[[121.55769089961542, 31.21251777037888]]",5,证大喜玛拉雅中心北门,2200
"[[121.40084412016003, 31.212548775405693]]",5,虹桥天都二号大堂入口,2200
"[[121.55602751985421, 31.212635175073295]]",5,博览汇广场西区,2200
"[[121.40012465982525, 31.21264912535689]]",5,虹桥天都一号大堂入口,2200
"[[121.47170382027514, 31.21269475515887]]",5,凯德商用,2200
"[[121.39838568035495, 31.212740070198144]]",5,天山百盛,2200
"[[121.39804601990798, 31.21279020020762]]",5,天山百盛西门,2200
"[[121.4004142801949, 31.213108710398735]]",5,汇金百货虹桥店南门,2200
"[[121.55751017995095, 31.213176975237317]]",5,博览汇广场,2200
"[[121.40016444043658, 31.213228769891927]]",5,汇金百货虹桥店,2200
"[[121.40011440035934, 31.213468664946944]]",5,汇金百货虹桥店西门,2200
"[[121.39731630010724, 31.21352023477109]]",5,泓鑫时尚广场,2200
"[[121.39592723965043, 31.21378092035328]]",5,天山路商业街,2200
"[[121.36702931984738, 31.214269170385947]]",5,泉口路广场,2200
"[[121.55912280017719, 31.214278574596605]]",5,浦东嘉里城商场,2200
"[[121.55975406040164, 31.21447936533051]]",5,浦东嘉里城商场东门,2200
"[[121.10029487960502, 31.21506837000932]]",5,祥腾假日风情商业广场,2200
"[[121.55838101956851, 31.215436559649604]]",5,浦东嘉里城商场北门,2200
"[[121.62393342009138, 31.215471119696517]]",5,天之骄子生活新天地,2200
"[[121.48436051992215, 31.215549015374783]]",5,老西门商场黄浦店,2200
"[[121.61366657974895, 31.21606430982012]]",5,城市经典地下商业街,2200
"[[121.38385500040795, 31.21617653981555]]",5,缤谷文化休闲广场二期,2200
"[[121.38175638025278, 31.216457565364422]]",5,缤谷广场,2200
"[[121.39188947971584, 31.21652177965644]]",5,懿心商务广场,2200
"[[121.46991011975626, 31.216560165419367]]",5,华丽家族・复兴天地中心,2200
"[[121.4853499801176, 31.216603500151436]]",5,新上海庙街,2200
"[[121.38268571987012, 31.216626944577833]]",5,缤谷广场东门,2200
"[[121.30673346028108, 31.216813064671307]]",5,虹顺商业广场,2200
"[[121.45409532034284, 31.216821164864974]]",5,环贸ｉａｐｍ南门,2200
"[[121.38337530022997, 31.21686643493809]]",5,漫都名店街,2200
"[[121.46332571990621, 31.216927995330785]]",5,思南公馆,2200
"[[121.38235596005964, 31.21712689479044]]",5,衡辰商业广场,2200
"[[121.45246181965729, 31.217477984721256]]",5,环贸ｉａｐｍ西门,2200
"[[121.45378482041318, 31.217730300313143]]",5,环贸ｉａｐｍ南门,2200
"[[121.41785591991487, 31.21830450035248]]",5,巴黎春天长宁店西门,2200
"[[121.45410557980875, 31.218320699840454]]",5,环贸ｉａｐｍ,2200
"[[121.3694468998546, 31.21832546984458]]",5,宜嘉坊广场,2200
"[[121.36806827962747, 31.21833658456581]]",5,宜嘉坊广场西门,2200
"[[121.45485726015454, 31.218452009852385]]",5,巴黎春天淮海店西门,2200
"[[121.4707197596093, 31.218614145026827]]",5,新天地时尚,2200
"[[121.41778571973524, 31.21866423007023]]",5,巴黎春天长宁店,2200
"[[121.45497750041139, 31.21875211541785]]",5,巴黎春天淮海店,2200
"[[121.4171643601471, 31.218923025277448]]",5,鑫茂商厦,2200
"[[121.36856778017895, 31.21899597018792]]",5,馥邦购物中心,2200
"[[121.4547469196347, 31.219141590212224]]",5,百盛淮海店,2200
"[[121.41759528019803, 31.219213679867536]]",5,华宁・弘基生活中心,2200
"[[121.45537835972354, 31.21930269026703]]",5,OPA淮海店,2200
"[[121.45440618000121, 31.219440839623076]]",5,百盛淮海店西门,2200
"[[121.54242437998118, 31.21944624005198]]",5,麦尚城,2200
"[[121.47050249959078, 31.219454834872835]]",5,新天地时尚西门,2200
"[[121.41398736022859, 31.219516979824775]]",5,999兆丰广场南门,2200
"[[121.41309546028731, 31.219725285293734]]",5,999兆丰广场西门,2200
"[[121.4140476597718, 31.21990699511177]]",5,光一百货,2200
"[[121.41407771961113, 31.21990704007785]]",5,999兆丰广场,2200
"[[121.41336599974116, 31.219975709611376]]",5,999兆丰广场西北门,2200
"[[121.42649501972949, 31.2200496446754]]",5,舜元・弘基／天地,2200
"[[121.47039540022763, 31.220185679725382]]",5,新天地时尚北门,2200
"[[121.4116122596981, 31.22037238527738]]",5,龙之梦购物中心,2200
"[[121.53932441958639, 31.220422289557106]]",5,亚太盛汇旅游购物广场,2200
"[[121.41606204043089, 31.22045045992084]]",5,巴黎春天中山公园店,2200
"[[121.46981382035163, 31.220454419635793]]",5,华府天地商场,2200
"[[121.47057810019922, 31.22059684526824]]",5,新天地时尚北区南门,2200
"[[121.45966793972363, 31.22064004510208]]",5,东方商厦淮海店,2200
"[[121.414197959868, 31.220766944838665]]",5,玫瑰坊南门,2200
"[[121.41422801970742, 31.220797004678083]]",5,上海小马路,2200
"[[121.41456876024017, 31.220857619883297]]",5,玫瑰坊东南门,2200
"[[121.4151199196487, 31.22090860514802]]",5,上海小马路东口,2200
"[[121.53799889982943, 31.220940555362404]]",5,亚太盛汇,2200
"[[121.53799889982943, 31.220940555362404]]",5,亚太盛汇南广场,2200
"[[121.47078078040872, 31.2209680053692]]",5,新天地时尚北区,2200
"[[121.49429292038201, 31.221036450072177]]",5,上海滩商业街,2200
"[[121.47028865969398, 31.22104671043744]]",5,新天地时尚北区西门,2200
"[[121.4138170798943, 31.22116614040514]]",5,玫瑰坊北门,2200
"[[121.41323585974718, 31.22123503476913]]",5,玫瑰坊,2200
"[[121.41121140038597, 31.221301320199785]]",5,龙之梦购物中心西北门,2200
"[[121.41227375962637, 31.221403244863872]]",5,龙之梦购物中心北门,2200
"[[121.41275489961902, 31.221434114992455]]",5,龙之梦购物中心东北门,2200
"[[121.46962752039386, 31.22146543478206]]",5,华府天地商场北门,2200
"[[121.3092572403294, 31.221565919631573]]",5,国贸天地城,2200
"[[121.68488610041325, 31.221661184815936]]",5,骏朋商业广场,2200
"[[121.46088059995978, 31.221711900284028]]",5,华狮广场,2200
"[[121.4620331396178, 31.221724005158727]]",5,雪豹商城,2200
"[[121.45536845998652, 31.22174182522513]]",5,上海花园饭店－三越商场,2200
"[[121.46966928041294, 31.221796049847875]]",5,锦麟天地,2200
"[[121.47042329989544, 31.221898425072354]]",5,上海新天地北里,2200
"[[121.46334300037925, 31.222639034763702]]",5,珂图美创,2200
"[[121.45508801989625, 31.22270099985134]]",5,锦江迪生商厦,2200
"[[121.4728615795983, 31.22338783458097]]",5,九号商场南门,2200
"[[121.47258095964365, 31.223517210151137]]",5,九号商场,2200
"[[121.49451612042269, 31.22364118529258]]",5,上海忠奕日用品商行,2200
"[[121.43994480001251, 31.223672999709187]]",5,IO・CORSO・COMO,2200
"[[121.47276258042882, 31.22367799544324]]",5,九号商场北门,2200
"[[121.39051932031046, 31.223818709665736]]",5,长风景畔广场南门,2200
"[[121.46755896007802, 31.223913255392446]]",5,香黛广场,2200
"[[121.43902266036751, 31.223951189695704]]",5,1788广场,2200
"[[121.46833277993395, 31.223975580208865]]",5,中环广场,2200
"[[121.4685943198721, 31.22401639504065]]",5,中环广场南门,2200
"[[121.48566587957683, 31.224126150101867]]",5,香港名都南门,2200
"[[121.44411395989144, 31.22422042513258]]",5,聚集地,2200
"[[121.48547579976848, 31.224315915147407]]",5,香港名都,2200
"[[121.44156840006167, 31.224425715174704]]",5,伊美商场,2200
"[[121.47077718042263, 31.224563594734114]]",5,香港广场南座南门,2200
"[[121.43904281957053, 31.224621014648186]]",5,1788广场东门,2200
"[[121.46972273971278, 31.224680729632077]]",5,太平洋百货淮海店,2200
"[[121.44273102022049, 31.22482770043809]]",5,芮欧百货西门,2200
"[[121.4704179003659, 31.22510341459102]]",5,香港广场南座,2200
"[[121.44492575991589, 31.225121595285394]]",5,静安嘉里中心南区商场东门,2200
"[[121.46925239967857, 31.225130055207934]]",5,K11购物艺术中心,2200
"[[121.44465521956283, 31.225171094870177]]",5,静安嘉里中心南区商场,2200
"[[121.39002953963168, 31.225198275080437]]",5,长风景畔广场西门,2200
"[[121.44244031976496, 31.225207004799522]]",5,芮欧百货西北门,2200
"[[121.44334230020712, 31.225258664555817]]",5,芮欧百货东门,2200
"[[121.44672971990074, 31.225334804757516]]",5,乐意坊,2200
"[[121.3911887396687, 31.225347540056994]]",5,长风景畔广场,2200
"[[121.442931360394, 31.225427864804118]]",5,芮欧百货,2200
"[[121.4419993201126, 31.225436144862265]]",5,久光百货南门,2200
"[[121.4850690004341, 31.225436459624973]]",5,香港名都北门,2200
"[[121.4416186200034, 31.22544546004005]]",5,久光百货上海店,2200
"[[121.47018876030316, 31.225533390353746]]",5,香港广场北座,2200
"[[121.44222989998993, 31.22555652001744]]",5,久光百货东南门,2200
"[[121.44450492036583, 31.225560659596788]]",5,静安嘉里中心北区商场,2200
"[[121.4694458996087, 31.225691474981623]]",5,K11购物艺术中心东门,2200
"[[121.44120768019036, 31.225764599756573]]",5,久光百货西门,2200
"[[121.44401387973687, 31.225789709727387]]",5,静安嘉里中心北区商场西门,2200
"[[121.44495581975539, 31.225861394687662]]",5,静安嘉里中心北区商场东南门,2200
"[[121.47104484024726, 31.22595656993979]]",5,力宝广场,2200
"[[121.44421421991039, 31.226129954733686]]",5,静安嘉里中心北区商场西北门,2200
"[[121.47008130031176, 31.226184090323564]]",5,香港广场北座北门,2200
"[[121.47111701983462, 31.226387445024642]]",5,力宝广场北门,2200
"[[121.44530663988968, 31.226411834638526]]",5,静安嘉里中心东区商场,2200
"[[121.48436016019336, 31.22641593015117]]",5,上海老街西口,2200
"[[121.4447956199219, 31.226460884562208]]",5,静安嘉里中心北区商场北门,2200
"[[121.4414281795669, 31.226474744913652]]",5,久光百货北门,2200
"[[121.48739514007374, 31.22654494509319]]",5,金豫商厦南门,2200
"[[121.47478524024667, 31.22654832024881]]",5,大上海时代广场,2200
"[[121.39116839970202, 31.22661685488402]]",5,国盛时尚购物中心,2200
"[[121.39060878037097, 31.22687704493974]]",5,国盛时尚购物中心西门,2200
"[[121.48952687956196, 31.22690170524954]]",5,豫城时尚南门,2200
"[[121.47339060039596, 31.226974964922796]]",5,上海广场西门,2200
"[[121.48863318007724, 31.227039315012412]]",5,豫城时尚,2200
"[[121.48734726016802, 31.227065595001264]]",5,金豫商厦,2200
"[[121.45953545969385, 31.227114914721568]]",5,大沽路社区商业服务中心,2200
"[[121.47312006004282, 31.227154424637]]",5,上海广场,2200
"[[121.3911484203634, 31.22720657991976]]",5,国盛时尚购物中心北门,2200
"[[121.4872578001075, 31.227265665378148]]",5,豫园商城7号门,2200
"[[121.48714727972319, 31.227275385250877]]",5,上海路升建设工程有限公司,2200
"[[121.49262864039949, 31.227311385112372]]",5,上海老街,2200
"[[121.48682597983517, 31.227344550310782]]",5,豫园百货天裕楼,2200
"[[121.48682597983517, 31.227344550310782]]",5,豫园百货,2200
"[[121.48795187977547, 31.227447959755608]]",5,豫园商城8号门,2200
"[[121.47379523955875, 31.22757706462987]]",5,上海广场北门,2200
"[[121.4885653199336, 31.227579945158396]]",5,豫安阁,2200
"[[121.48661682001033, 31.227734519732337]]",5,豫园商城6号门,2200
"[[121.5538453796606, 31.227987374917483]]",5,联洋商业广场C区,2200
"[[121.48665840016511, 31.228035119924897]]",5,豫园百货天裕北楼,2200
"[[121.48678907975227, 31.22804551518839]]",5,豫园百货天裕北楼东门,2200
"[[121.55366501972489, 31.228047134867445]]",5,联洋商业广场B区,2200
"[[121.48651890002728, 31.228285094581516]]",5,豫园商城5号门,2200
"[[121.55370516006519, 31.228437105188284]]",5,联洋商业广场A区,2200
"[[121.55370516006519, 31.228437105188284]]",5,联洋商业广场,2200
"[[121.47580944035353, 31.228614539629376]]",5,汇都国际广场,2200
"[[121.50934182026887, 31.228629974693625]]",5,上海湾,2200
"[[121.47545933967682, 31.228944029643316]]",5,亚龙国际广场,2200
"[[121.48644149987538, 31.228955954653628]]",5,豫园商城4号门,2200
"[[121.55460660001464, 31.22895802489299]]",5,证大・大拇指广场,2200
"[[121.52060927959462, 31.229017694910716]]",5,九六广场4号门,2200
"[[121.48511580025402, 31.22905225495763]]",5,福满堂喜庆文化广场,2200
"[[121.48511580025402, 31.22905225495763]]",5,福源商厦,2200
"[[121.52005092021383, 31.229107020072917]]",5,九六广场5号门,2200
"[[121.44858407969161, 31.229126910378675]]",5,Pｌａｚａ66恒隆广场西南门,2200
"[[121.52086866026045, 31.22919796491417]]",5,九六广场3号门,2200
"[[121.52124755992702, 31.22919841457528]]",5,九六广场2号门,2200
"[[121.48641287985063, 31.229266319684903]]",5,豫园商城3号门,2200
"[[121.4850567597617, 31.229362530056754]]",5,福源商厦西门,2200
"[[121.51976220006551, 31.229376615238664]]",5,九六广场6号门,2200
"[[121.5132919196864, 31.229411445082206]]",5,华润时代广场北门,2200
"[[121.5136434601776, 31.229442540041255]]",5,华润时代广场,2200
"[[121.51376424002771, 31.22949293984736]]",5,华润时代广场东门,2200
"[[121.46958413979635, 31.22951786995379]]",5,上海迪美购物中心南门,2200
"[[121.42277747959704, 31.229599590448778]]",5,长宁八八中心,2200
"[[121.51973249995505, 31.229616510293774]]",5,九六广场7号门,2200
"[[121.44883662011398, 31.22972793000003]]",5,Pｌａｚａ66恒隆广场北门,2200
"[[121.48704809979003, 31.229758935026936]]",5,豫园老街,2200
"[[121.48511922037571, 31.229813430345594]]",5,福源商厦北门,2200
"[[121.5212781602589, 31.229828279951228]]",5,九六广场,2200
"[[121.45120829962346, 31.229855009601096]]",5,中信泰富广场,2200
"[[121.48673706026719, 31.229868194561597]]",5,豫园商城,2200
"[[121.48673706026719, 31.229868194561597]]",5,豫园商城2号门,2200
"[[121.44974166004968, 31.229920845370735]]",5,Pｌａｚａ66恒隆广场,2200
"[[121.51256957972237, 31.229930565243464]]",5,上海新世纪商厦2号门,2200
"[[121.51256957972237, 31.229930565243464]]",5,上海第一八佰伴2号门,2200
"[[121.5220163399822, 31.23002911475193]]",5,世纪汇广场,2200
"[[121.51327464011263, 31.230032534873622]]",5,上海第一八佰伴,2200
"[[121.48521083970854, 31.230064080393063]]",5,鄂尔多斯广场,2200
"[[121.52051082001847, 31.23012730543089]]",5,九六广场9号门,2200
"[[121.52019168030188, 31.23014692504065]]",5,九六广场8号门,2200
"[[121.51226879966542, 31.230200250341362]]",5,上海新世纪商厦3号门,2200
"[[121.51226879966542, 31.230200250341362]]",5,上海第一八佰伴3号门,2200
"[[121.46947667980496, 31.230208620331574]]",5,上海迪美购物中心东门,2200
"[[121.5140410801319, 31.230294975033097]]",5,三鑫世界商厦二号门,2200
"[[121.52080025962437, 31.230307575434352]]",5,九六广场10号门,2200
"[[121.51421225978802, 31.230315449898185]]",5,三鑫世界商厦,2200
"[[121.48647804022951, 31.230318149662956]]",5,紫锦城,2200
"[[121.51400148028414, 31.23041508039173]]",5,三鑫世界商厦三号门,2200
"[[121.51357884029127, 31.230454049814618]]",5,上海第一八佰伴6号门,2200
"[[121.51357884029127, 31.230454049814618]]",5,上海新世纪商厦6号门,2200
"[[121.51138427956097, 31.230488519929295]]",5,中融国际商城,2200
"[[121.48448939996592, 31.23052272024743]]",5,鄂尔多斯广场（西门）,2200
"[[121.45216608030046, 31.230528840133893]]",5,梅龙镇广场,2200
"[[121.45043789988924, 31.23053383496857]]",5,金鹰国际购物中心上海店东门,2200
"[[121.51410300025327, 31.230605654827166]]",5,三鑫世界商厦北门,2200
"[[121.45013676010342, 31.230613079629983]]",5,金鹰国际购物中心上海店,2200
"[[121.51425419967168, 31.230646109930078]]",5,三鑫世界商厦四号门,2200
"[[121.4689966198981, 31.230667934677506]]",5,上海迪美购物中心,2200
"[[121.51226123996437, 31.230721170046067]]",5,上海新世纪商厦,2200
"[[121.45019760013918, 31.230723420149815]]",5,金鹰国际购物中心上海店北门,2200
"[[121.42442105988403, 31.23073219483497]]",5,悦达889ｐｌａｚａ东门,2200
"[[121.4519259604148, 31.230758519789894]]",5,梅龙镇广场二号门,2200
"[[121.51235231970387, 31.23083159959868]]",5,上海新世纪商厦5号门,2200
"[[121.51235231970387, 31.23083159959868]]",5,上海第一八佰伴5号门,2200
"[[121.45451867979327, 31.230846180307054]]",5,湟普汇,2200
"[[121.45284090008752, 31.230901395083357]]",5,梅龙镇伊势丹,2200
"[[121.4548509604035, 31.231007415260088]]",5,湟普汇北门,2200
"[[121.45171643996181, 31.231078424829512]]",5,梅龙镇广场三号门,2200
"[[121.51188053985507, 31.231100880001634]]",5,新梅联合广场南门,2200
"[[121.48619040016698, 31.23116865021312]]",5,豫园旅游商城,2200
"[[121.42391993965347, 31.231181159782764]]",5,悦达889ｐｌａｚａ,2200
"[[121.45536432040717, 31.231229219552887]]",5,四季坊F入口,2200
"[[121.51484100011211, 31.231258739799046]]",5,新大陆广场南楼,2200
"[[121.51385460030964, 31.231286234772007]]",5,新大陆广场,2200
"[[121.48307676018442, 31.231399950447376]]",5,范仕达生活广场北门,2200
"[[121.45617990028227, 31.231572120257162]]",5,四季坊E入口,2200
"[[121.51221515960201, 31.23161266529231]]",5,新梅联合广场东门,2200
"[[121.56005555991624, 31.231633679750573]]",5,邻里之家,2200
"[[121.45642128011812, 31.231642949962286]]",5,四季坊D入口,2200
"[[121.4234089196859, 31.23170005511347]]",5,悦达889ｐｌａｚａ北门,2200
"[[121.45655213956965, 31.231703430269178]]",5,四季坊C出口,2200
"[[121.45717566022859, 31.231825425103324]]",5,四季坊A入口,2200
"[[121.51467252022064, 31.231829294886133]]",5,新大陆广场（北楼）,2200
"[[121.51200509955576, 31.23189260985611]]",5,新梅联合广场,2200
"[[121.45710599964222, 31.231975455403067]]",5,四季坊,2200
"[[121.48276823966259, 31.23206009959401]]",5,范仕达生活广场,2200
"[[121.47134454021841, 31.23215707528886]]",5,香港名店街,2200
"[[121.47134454021841, 31.23215707528886]]",5,好思特,2200
"[[121.34772630022857, 31.232243340058147]]",5,虹桥临空・弘基／休闲广场,2200
"[[121.37384501993179, 31.232258279595932]]",5,118广场南门,2200
"[[121.37380506035525, 31.232268315130646]]",5,118广场东门,2200
"[[121.52249765983923, 31.232319074665618]]",5,世纪大都会,2200
"[[121.4227375200206, 31.232328614673868]]",5,芳汇广场,2200
"[[121.45649561987709, 31.2325145099367]]",5,开欣商厦,2200
"[[121.48968437963052, 31.23278131540544]]",5,Bｕｎｄ22,2200
"[[121.45636655996881, 31.232844675341582]]",5,818广场西门,2200
"[[121.45655771986296, 31.232895299978154]]",5,818广场,2200
"[[121.46163228030557, 31.23302022030699]]",5,韩城服饰礼品广场,2200
"[[121.4843306399472, 31.233146354720567]]",5,范仕达生活广场,2200
"[[121.37526341987098, 31.233166694687256]]",5,近铁城市广场（南块）,2200
"[[121.40645184008045, 31.23316854009606]]",5,上海环球港,2200
"[[121.55019048000665, 31.233251700405724]]",5,正大生活馆,2200
"[[121.46496965992196, 31.23336046531329]]",5,仙乐斯广场,2200
"[[121.47112997996467, 31.233578669619916]]",5,1930风情街・名品坊,2200
"[[121.5501305401923, 31.233791475296464]]",5,正大生活馆北门,2200
"[[121.4721063001657, 31.233952079824718]]",5,来福士广场西门,2200
"[[121.39421525962655, 31.23403123455389]]",5,华联商厦（普陀店）,2200
"[[121.44927834012334, 31.23403591462577]]",5,中服出国人员服务中心免税店,2200
"[[121.45998923961176, 31.234057064881718]]",5,688广场,2200
"[[121.37373576039704, 31.23411830961234]]",5,118广场,2200
"[[121.47225804007655, 31.234182885431878]]",5,上海长宁来福士广场,2200
"[[121.46112594040986, 31.23432076499138]]",5,韩城服饰礼品广场北门,2200
"[[121.46639112025397, 31.234366124996733]]",5,世茂・商都,2200
"[[121.5483548396043, 31.234639140284173]]",5,品轩坊,2200
"[[121.47159833969167, 31.234912109706173]]",5,来福士广场北门,2200
"[[121.46730822009832, 31.234959719815272]]",5,上海华盛街西口,2200
"[[121.43829185958167, 31.234966110397735]]",5,米兰777,2200
"[[121.48567541958508, 31.23499310984424]]",5,联谊商场,2200
"[[121.46448509980762, 31.23504166514082]]",5,怡妮轩贸易商行,2200
"[[121.37687208038219, 31.235044814566606]]",5,近铁城市广场,2200
"[[121.4735493604147, 31.235308379777955]]",5,百米香榭商业街,2200
"[[121.46807519971075, 31.23571310977227]]",5,上海华盛街西北口,2200
"[[121.47083964013737, 31.235991615420772]]",5,百联世茂国际广场西南门,2200
"[[121.720845960073, 31.236212880120398]]",5,置天1号广场,2200
"[[121.4693440199107, 31.236307739710448]]",5,上海华盛街,2200
"[[121.47141474039803, 31.236534090076276]]",5,百联世茂国际广场,2200
"[[121.47394734009777, 31.236651629669005]]",5,永安百货南门,2200
"[[121.46835113959344, 31.23670549456297]]",5,新世界城,2200
"[[121.47032051997611, 31.23673123495856]]",5,南京路步行街西口,2200
"[[121.48631658044592, 31.23675773977797]]",5,外滩六号,2200
"[[121.46974812037959, 31.236799679661537]]",5,新世界城东南门,2200
"[[121.4717275803636, 31.236825465023202]]",5,百联世茂国际广场7号门,2200
"[[121.47363702003247, 31.236881085393826]]",5,永安百货西门,2200
"[[121.47064307981432, 31.236952499658194]]",5,上海市第一百货商店,2200
"[[121.47094493995718, 31.237033499796254]]",5,东方商厦（南东店）,2200
"[[121.50121428001509, 31.237181819585416]]",5,金茂时尚生活中心,2200
"[[121.50353106041018, 31.237198605431374]]",5,上海环球金融中心商场,2200
"[[121.47305562002087, 31.23719991034764]]",5,宝大祥青少年儿童购物中心南东店,2200
"[[121.46890625961626, 31.237257959787115]]",5,新世界城北门,2200
"[[121.46960970032755, 31.237300080434444]]",5,新世界城东门,2200
"[[121.40872704032074, 31.237311285087827]]",5,上海环球港北门,2200
"[[121.47005195993009, 31.237331400223958]]",5,上海市第一百货商店1号门,2200
"[[121.47376985979122, 31.237382249691088]]",5,永安百货,2200
"[[121.4685653401184, 31.23742720500158]]",5,雅居乐国际广场西南门,2200
"[[121.4736805795951, 31.237632405111462]]",5,上海时装商店,2200
"[[121.46942087956995, 31.237740179865476]]",5,新世界城东北门,2200
"[[121.47715764011309, 31.23776268000376]]",5,曼克顿广场南门,2200
"[[121.47467597981264, 31.237785539870828]]",5,中丝亚太商厦,2200
"[[121.57022214023962, 31.23782392473438]]",5,金洋十方庭休闲街,2200
"[[121.47487722020765, 31.23783621037284]]",5,丝绸商厦,2200
"[[121.47505811973643, 31.237856730204008]]",5,阳光商厦,2200
"[[121.47533963991249, 31.2378876003326]]",5,上海旅游品商厦,2200
"[[121.49811521984154, 31.23793394959214]]",5,上海国金中心商场南门,2200
"[[121.4758827000267, 31.237989345132206]]",5,福建路中华名品街,2200
"[[121.49879058012115, 31.238036055019982]]",5,上海国金中心商场,2200
"[[121.47778188022959, 31.238044964603453]]",5,上海置地广场南门,2200
"[[121.4770084201026, 31.238092800442388]]",5,曼克顿广场,2200
"[[121.47772212027971, 31.23814495482587]]",5,上海置地广场,2200
"[[121.46929218028991, 31.238160479822355]]",5,雅居乐国际广场,2200
"[[121.46849838019617, 31.238168175321086]]",5,雅居乐国际广场北门,2200
"[[121.47740100025598, 31.23822410955504]]",5,上海置地广场东门,2200
"[[121.49740151966445, 31.238262360419647]]",5,上海国金中心商场西门,2200
"[[121.49493444007237, 31.238435429551473]]",5,正大广场南门,2200
"[[121.47855749962905, 31.238437814553535]]",5,圣德娜商厦,2200
"[[121.46998679955122, 31.23844294518581]]",5,思源商厦,2200
"[[121.47723126041441, 31.238453969974806]]",5,三联商厦,2200
"[[121.47966324036634, 31.238541179931573]]",5,353广场南门,2200
"[[121.49370702016293, 31.238742330394345]]",5,正大广场西门,2200
"[[121.48025741974412, 31.238843399803102]]",5,宏伊国际广场,2200
"[[121.47902153991222, 31.238849790385565]]",5,悦荟ｍｏｓａｉｃ,2200
"[[121.41377820040374, 31.238909955030472]]",5,汇融天地,2200
"[[121.49890559981358, 31.23897786014019]]",5,上海国金中心商场东门,2200
"[[121.47883163996828, 31.23907960493988]]",5,华联商厦中联店,2200
"[[121.49601533973627, 31.239139679652553]]",5,正大广场东南门,2200
"[[121.47983693992285, 31.23918269962192]]",5,宏伊国际广场西北门,2200
"[[121.49474706002889, 31.239326250306235]]",5,正大广场北门,2200
"[[121.47298506011248, 31.239333044684365]]",5,百货折扣,2200
"[[121.41901980002378, 31.239339390300664]]",5,我格广场,2200
"[[121.36222259999306, 31.239410579734475]]",5,Mｅｔ金沙・和美广场,2200
"[[121.49585568039541, 31.239479744794465]]",5,正大广场,2200
"[[121.49700407957472, 31.239483119950087]]",5,上海国金中心商场北门,2200
"[[121.48025039963625, 31.23951439477353]]",5,南京路步行街,2200
"[[121.48005042009088, 31.23972414005707]]",5,恒基名人购物中心,2200
"[[121.41073170020789, 31.239844109618026]]",5,长城・弘基／广场,2200
"[[121.41860886021084, 31.239868455165116]]",5,我格广场北门,2200
"[[121.41838853979942, 31.240057995380283]]",5,我格广场西北门,2200
"[[121.47963047986286, 31.24019366980211]]",5,恒基名人购物中心北门,2200
"[[121.43309994031009, 31.24027867462121]]",5,亚新生活广场西门,2200
"[[121.48545960028034, 31.240481040068005]]",5,外滩18号,2200
"[[121.4840732395884, 31.240557135303632]]",5,61街购物中心,2200
"[[121.3089458401785, 31.24055740510026]]",5,如海生活购物中心鹤旋店,2200
"[[121.40133948023289, 31.240573740385827]]",5,曹影商场,2200
"[[121.48342074007522, 31.24068542988872]]",5,惠罗商厦,2200
"[[121.48109010022806, 31.240768815028844]]",5,新世界名品城,2200
"[[121.43363490023054, 31.2407910453705]]",5,亚新生活广场北门,2200
"[[121.57699319977641, 31.240891034693547]]",5,金桥购物中心,2200
"[[121.40078975973977, 31.240983824943605]]",5,曹杨商城,2200
"[[121.31697059961358, 31.240994624902044]]",5,江桥万达广场6号门,2200
"[[121.40064989987306, 31.24112381970854]]",5,曹杨商城北门,2200
"[[121.31799821984205, 31.241212560311496]]",5,江桥万达广场5号门,2200
"[[121.43253186015731, 31.241288609681675]]",5,亚新生活广场东门,2200
"[[121.43266379969465, 31.241579445035434]]",5,亚新生活广场,2200
"[[121.41670482007152, 31.241584394903946]]",5,银宫商厦,2200
"[[121.57868609978378, 31.24160302525943]]",5,碧云体育休闲中心,2200
"[[121.43284523971614, 31.24170017991939]]",5,新四百广场,2200
"[[121.40033003979951, 31.2417237151774]]",5,流行线服饰礼品广场,2200
"[[121.31902601993491, 31.24174036522576]]",5,江桥万达广场4号门,2200
"[[121.32121103975776, 31.24177618522286]]",5,江桥万达广场2号门,2200
"[[121.3200835201384, 31.241808315301547]]",5,江桥万达广场3号门,2200
"[[121.48608870033337, 31.241844989654616]]",5,观光隧道商场,2200
"[[121.55516945960291, 31.24194520470749]]",5,上海万和亚隆国际酒店－商场,2200
"[[121.4322944400365, 31.24206913488277]]",5,上海纬陆V6时尚广场,2200
"[[121.43246669977836, 31.24240015464344]]",5,纬陆V6时尚广场东北门,2200
"[[121.32105138041699, 31.242446190039736]]",5,万达百货,2200
"[[121.48400196022234, 31.24250995467073]]",5,益丰・外滩源西门,2200
"[[121.31977410029461, 31.242598515409206]]",5,江桥万达广场,2200
"[[121.48456499967509, 31.242621779971216]]",5,益丰・外滩源,2200
"[[121.32058230033297, 31.242676949781448]]",5,万达百货北门,2200
"[[121.67459388030338, 31.243140585369773]]",5,恒生商业广场,2200
"[[121.26669480012504, 31.243201650236003]]",5,恒德隆百货,2200
"[[121.52712564033611, 31.243295384774264]]",5,东晶湾商业街,2200
"[[121.22604720001834, 31.243411755248324]]",5,明联国际购物中心,2200
"[[121.43751606031799, 31.24358666978904]]",5,长寿商业广场南门,2200
"[[121.43574971987368, 31.244012190310436]]",5,大自鸣钟广场,2200
"[[121.43776950006247, 31.244068170409747]]",5,巴黎春天陕西路店东门,2200
"[[121.58328438017011, 31.24423849481073]]",5,碧云风情街,2200
"[[121.39794125968146, 31.24438366517402]]",5,安居兰庭商业广场,2200
"[[121.43606310033189, 31.24445377542149]]",5,长寿商业广场,2200
"[[121.45232069984047, 31.244541120276573]]",5,太阳CITY,2200
"[[121.46745293990139, 31.244615190238918]]",5,上海大悦城南门,2200
"[[121.43688804035085, 31.244676524901777]]",5,新世界百货上海巴黎春天陕西路店,2200
"[[121.46738399967195, 31.24492546533795]]",5,上海大悦城,2200
"[[121.37629680025714, 31.245344865073513]]",5,上海友谊商店真光路店,2200
"[[121.47838974009451, 31.245668594929768]]",5,翔阳商厦,2200
"[[121.63076531966385, 31.245762600163943]]",5,万家乐百货卖场,2200
"[[121.379233319662, 31.246331624604842]]",5,上海妇女用品商店,2200
"[[121.453495379908, 31.246507620130643]]",5,闸北嘉里不夜城三期,2200
"[[121.45262130003303, 31.2465551403075]]",5,太平洋百货不夜城店南门,2200
"[[121.37882400042733, 31.24660203005967]]",5,东方商厦中环店南门,2200
"[[121.43517948044868, 31.246754805090255]]",5,物华广场,2200
"[[121.45210091992159, 31.24698430488187]]",5,太平洋百货不夜城店,2200
"[[121.45265387977284, 31.247066025376775]]",5,太平洋百货不夜城店东门,2200
"[[121.37811516018652, 31.24719279021513]]",5,东方商厦中环店,2200
"[[121.47910181969327, 31.247583659858094]]",5,弘基／休闲广场,2200
"[[121.4524458000337, 31.247696430346068]]",5,太平洋百货不夜城店北门,2200
"[[121.3783750804457, 31.2477424648429]]",5,百联中环购物广场,2200
"[[121.37966352025538, 31.248121049746686]]",5,百联中环购物广场北门,2200
"[[121.47585012028682, 31.24839545988263]]",5,圣和圣时尚汇西门,2200
"[[121.39289658011316, 31.24853657969944]]",5,久良财富休闲广场,2200
"[[121.58226468027092, 31.248597149938576]]",5,枣庄路休闲街,2200
"[[121.47711714004402, 31.248619515178547]]",5,圣和圣时尚汇,2200
"[[121.45145580024507, 31.248735165295678]]",5,环龙商场南门,2200
"[[121.44799997991517, 31.24885531472102]]",5,上海汽车集团公司委员会党校,2200
"[[121.45049189968152, 31.248892620398145]]",5,上海名品商厦,2200
"[[121.47541037968529, 31.248904995069474]]",5,圣和圣广场三期,2200
"[[121.47703830007755, 31.248979830354912]]",5,圣和圣时尚汇北门,2200
"[[121.13538749963348, 31.249159649798067]]",5,惠优玛特购物广场,2200
"[[121.45175981965996, 31.2492869101628]]",5,环龙商场,2200
"[[121.55639220033984, 31.249824524881944]]",5,博达生活广场,2200
"[[121.45103928013876, 31.24991578538519]]",5,地铁商场,2200
"[[121.39320690017834, 31.250186144974663]]",5,久良财富休闲广场北门,2200
"[[121.4506803598108, 31.250555730362734]]",5,新上铁商场,2200
"[[121.4506803598108, 31.250555730362734]]",5,康园购物商场,2200
"[[121.44022109962405, 31.250635514617315]]",5,天安阳光广场,2200
"[[121.48057277961016, 31.250642669623588]]",5,中信广场,2200
"[[121.49544473968311, 31.251216824696762]]",5,上海北外滩白玉兰广场,2200
"[[121.45522986007008, 31.252271625135492]]",5,太阳山广场,2200
"[[121.57707744017186, 31.252300380058557]]",5,金杨第一商城西门,2200
"[[121.57697718015274, 31.252500179739535]]",5,金杨第一商城,2200
"[[121.5664794002042, 31.25278651488579]]",5,云山休闲广场,2200
"[[121.62419189963661, 31.252876965099958]]",5,新金陆综合市场,2200
"[[121.50962639993848, 31.253037614594284]]",5,虹口・星外滩,2200
"[[121.50208745966856, 31.253279849685384]]",5,白金湾广场,2200
"[[121.5957655798177, 31.253462684555295]]",5,碧云玖零,2200
"[[121.38543810038811, 31.25351443514311]]",5,海明生活广场,2200
"[[121.36102974013045, 31.253751044974834]]",5,好乐广场,2200
"[[121.47958440039986, 31.254215400020804]]",5,壹丰广场,2200
"[[121.35590639956078, 31.25421661500483]]",5,锦银休闲广场5号门,2200
"[[121.35535721956012, 31.254447194882154]]",5,锦银休闲广场7号门,2200
"[[121.48039943978233, 31.254498180146967]]",5,中信泰富・申虹广场南门,2200
"[[121.35491783958673, 31.2545576703003]]",5,锦银休闲广场8号门,2200
"[[121.35590658032446, 31.254606585325668]]",5,锦银休闲广场3号门,2200
"[[121.35543732037604, 31.25478708015968]]",5,锦银休闲广场,2200
"[[121.47921576019928, 31.254885359871516]]",5,壹丰广场北门,2200
"[[121.47957756015637, 31.25492649036528]]",5,壹丰广场东门,2200
"[[121.35471821977015, 31.254957855120963]]",5,锦银休闲广场9号门,2200
"[[121.48013087973641, 31.255058295004396]]",5,中信泰富・申虹广场,2200
"[[121.35480822032319, 31.25518775960743]]",5,锦银休闲广场10号门,2200
"[[121.35626657983883, 31.25567614543779]]",5,曹安国际商城,2200
"[[121.45983749970098, 31.255720380391267]]",5,王子生活馆,2200
"[[121.57945127985269, 31.255852185030378]]",5,金杨第二商城,2200
"[[121.45970790019953, 31.25593034960599]]",5,王子生活馆西门,2200
"[[121.33054872034722, 31.256241659824838]]",5,永和生活广场,2200
"[[121.41566405984852, 31.256759520035907]]",5,品尊・和美广场,2200
"[[121.41566405984852, 31.256759520035907]]",5,弘基・时尚生活中心,2200
"[[121.60821240018221, 31.25684641522988]]",5,禹洲・奇摩生活广场,2200
"[[121.568863320386, 31.257218024991957]]",5,黄金钫,2200
"[[121.60756314002697, 31.257306990425285]]",5,禹洲广场,2200
"[[121.58061317965466, 31.257313200243992]]",5,金杨路商业街,2200
"[[121.33934927994544, 31.25798446501105]]",5,江桥老街,2200
"[[121.57713737998623, 31.258148399728938]]",5,久金购物中心,2200
"[[121.40188722041898, 31.258414935400964]]",5,星光耀广场,2200
"[[121.45174181972925, 31.25843635455417]]",5,五月花生活广场西门,2200
"[[121.45255542019652, 31.25857851038998]]",5,五月花生活广场,2200
"[[121.45255542019652, 31.25857851038998]]",5,银发无忧五月花旗舰店,2200
"[[121.6090908004002, 31.258604159954054]]",5,普营・又一街,2200
"[[121.47856667990843, 31.258957634887025]]",5,凯鸿广场,2200
"[[121.47884586004841, 31.259566934566443]]",5,东宝百货,2200
"[[121.4783226003078, 31.259724930161454]]",5,凯鸿广场东门,2200
"[[121.47879402042781, 31.260015629717614]]",5,巴黎春天虹口店,2200
"[[121.47752736039948, 31.260041684875908]]",5,凯鸿广场北门,2200
"[[121.47813953970805, 31.260322845323103]]",5,嘉杰国际广场,2200
"[[121.3656838198525, 31.260533624826998]]",5,阳光威尼斯时尚商业街,2200
"[[121.51710125991534, 31.26062551485574]]",5,盛立百货,2200
"[[121.4779260604394, 31.260950594594334]]",5,嘉杰・风尚汇,2200
"[[121.60115603971951, 31.26111930021554]]",5,金海商业广场,2200
"[[121.34282454002062, 31.261289309853815]]",5,江桥东尚天地,2200
"[[121.34216538012826, 31.261529835333704]]",5,嘉莲华国际商业广场二号通道,2200
"[[121.34153610021085, 31.261590539571785]]",5,嘉莲华国际商业广场三号通道,2200
"[[121.40010882006605, 31.261765185215154]]",5,仙乐都生活广场,2200
"[[121.34223503981525, 31.26178957482913]]",5,嘉莲华国际商业广场一号通道,2200
"[[121.34109654037307, 31.261860810128297]]",5,嘉莲华国际商业广场,2200
"[[121.47941951959521, 31.26209224526096]]",5,海虹永安商厦,2200
"[[121.5272547002443, 31.262453684589914]]",5,兰州路滨河休闲街,2200
"[[121.5801622802651, 31.26263071523543]]",5,长岛路健康休闲街,2200
"[[121.33879992008028, 31.262723414653884]]",5,新世界休闲生活广场,2200
"[[121.33591650024627, 31.26287875455092]]",5,新世界休闲广场南门,2200
"[[121.5875784603777, 31.26288446974253]]",5,金桥翡翠坊,2200
"[[121.33494863996786, 31.26289058962908]]",5,天际・蓝桥坊,2200
"[[121.49460179973336, 31.2629628150819]]",5,瑞虹坊3区,2200
"[[121.49580041975366, 31.26314412020499]]",5,瑞虹坊3区东门,2200
"[[121.47940080020678, 31.263777224939055]]",5,多伦生活广场,2200
"[[121.60257606023714, 31.264197929590793]]",5,新都汇,2200
"[[121.49379162028707, 31.264232129908926]]",5,瑞虹坊2区,2200
"[[121.43308446027967, 31.26441365986257]]",5,福辰商城,2200
"[[121.49192340014484, 31.264640235058863]]",5,瑞虹坊1区,2200
"[[121.3431116395906, 31.265555399562153]]",5,嘉尚坊,2200
"[[121.45112207982018, 31.26558622472458]]",5,盛源生活广场,2200
"[[121.37212206008508, 31.265871749581578]]",5,现代城市购物广场,2200
"[[121.49500895969581, 31.266233685336367]]",5,瑞虹天地,2200
"[[121.47992999996963, 31.26629119518259]]",5,东泰休闲广场,2200
"[[121.60473425957841, 31.26660498033565]]",5,2010金桥嘉年华广场,2200
"[[121.5801219600605, 31.266689084933425]]",5,沪东商业中心,2200
"[[121.21316693970252, 31.266772964700642]]",5,黄渡新天地,2200
"[[121.36961466028849, 31.266983700137743]]",5,现代城市购物花园,2200
"[[121.47773436005272, 31.26730162487015]]",5,天兴百货,2200
"[[121.50388116018743, 31.267381904651288]]",5,海上海・弘基／休闲广场,2200
"[[121.50262205986023, 31.267890675414407]]",5,海上海・弘基／休闲广场西门,2200
"[[121.54537331992285, 31.268217419798134]]",5,蜂花百货综合服务公司,2200
"[[121.64981634025195, 31.26833468959432]]",5,上海曹路宝龙城市广场,2200
"[[121.47410771979546, 31.26909546028734]]",5,中广综合市场,2200
"[[121.3320356998877, 31.269753989754825]]",5,YOHO街区,2200
"[[121.24681757956778, 31.26992287524051]]",5,鲜德宝生活广场,2200
"[[121.43299823957719, 31.271375655362228]]",5,大宁绿地商业街,2200
"[[121.41009809994736, 31.27149072002083]]",5,大华虎城嘉年华,2200
"[[121.60586142036837, 31.27154044533536]]",5,新金桥商业中心,2200
"[[121.29065135987246, 31.271874254793126]]",5,金辉食品合作公司百货商场,2200
"[[121.47441282019551, 31.27217706012327]]",5,凯德龙之梦虹口A座,2200
"[[121.40765640012282, 31.272219224837386]]",5,巴黎春天宝山店东门,2200
"[[121.47356807980313, 31.272304184690405]]",5,凯德龙之梦虹口A座西门,2200
"[[121.40646551966805, 31.272418574857433]]",5,新世界百货上海巴黎春天宝山店,2200
"[[121.58311230029247, 31.272546780409655]]",5,上海文峰广场,2200
"[[121.40707590033263, 31.272648750039814]]",5,巴黎春天宝山店北门,2200
"[[121.4748522001689, 31.272686820140663]]",5,麦尚城虹口店,2200
"[[121.4725815001361, 31.272690060398062]]",5,凯德龙之梦虹口B座,2200
"[[121.47503291983347, 31.27270729500576]]",5,星城时尚中心,2200
"[[121.37131889984748, 31.27306662002856]]",5,北方广场,2200
"[[121.5523094401286, 31.27310180960088]]",5,上海国际时尚中心二号门,2200
"[[121.47339167958239, 31.273350480240516]]",5,凯德龙之梦虹口B座东门,2200
"[[121.47370325959787, 31.273351379562556]]",5,凯德龙之梦虹口A座北门,2200
"[[121.47264773970159, 31.273438004959992]]",5,凯德龙之梦虹口B座西门,2200
"[[121.55304905966648, 31.273612289975212]]",5,上海国际时尚中心,2200
"[[121.58333208021145, 31.273636184962]]",5,上海文峰广场东门,2200
"[[121.20734573961423, 31.273850159757124]]",5,鸭王商业广场,2200
"[[121.53445164003116, 31.273936154729867]]",5,环球超市公司双阳分公司,2200
"[[121.55487893991122, 31.27394394016075]]",5,上海国际时尚中心五号门,2200
"[[121.4096574600238, 31.27411926029569]]",5,澳洲广场,2200
"[[121.5536288399991, 31.274202599570373]]",5,上海国际时尚中心三号门,2200
"[[121.66807337998263, 31.274338679586428]]",5,曹路新城市商业广场,2200
"[[121.55426838028153, 31.274523045102526]]",5,上海国际时尚中心四号门,2200
"[[121.46278499982797, 31.274685090344725]]",5,东方商厦虹口店西门,2200
"[[121.46278499982797, 31.274685090344725]]",5,百联虹口购物中心西门,2200
"[[121.45794137989084, 31.27484029534336]]",5,优尚生活广场,2200
"[[121.4635473002678, 31.27490666980706]]",5,百联虹口购物中心南门,2200
"[[121.46290380027025, 31.27499451018852]]",5,东方商厦虹口店,2200
"[[121.46321448006424, 31.275164879555575]]",5,百联虹口购物中心,2200
"[[121.46348520028187, 31.275265410270528]]",5,百联虹口购物中心东门,2200
"[[121.4490662997699, 31.2754821297965]]",5,大宁国际商业广场,2200
"[[121.51103759990542, 31.275575459639818]]",5,君欣时代广场,2200
"[[121.50409248018386, 31.275769365164166]]",5,安越企业管理咨询公司,2200
"[[121.49792657984787, 31.275854055220556]]",5,悠乐坊,2200
"[[121.50877932040939, 31.27621329031112]]",5,假日百货,2200
"[[121.51197719988795, 31.276775880102853]]",5,紫荆广场,2200
"[[121.660013520008, 31.27687812042901]]",5,大风车曹路中心广场,2200
"[[121.53930893955598, 31.277079314958492]]",5,复旦软件园,2200
"[[121.41418967980994, 31.277519819983752]]",5,美隆生活广场,2200
"[[121.65864516014605, 31.278509280179215]]",5,大风车曹路中心广场北门,2200
"[[121.60555271998214, 31.279868865355922]]",5,金桥生活广场,2200
"[[121.20718266015169, 31.28127502462273]]",5,莱英大道,2200
"[[121.4295937201741, 31.281386670058822]]",5,新普荟,2200
"[[121.48715573964574, 31.281422220259294]]",5,曲阳生活购物中心,2200
"[[121.58375004013226, 31.281431625369322]]",5,红盛广场,2200
"[[121.44824046042908, 31.281511409623903]]",5,宝华现代城商业街,2200
"[[121.60498355974354, 31.281799139618663]]",5,新紫茂商业中心,2200
"[[121.41682073998527, 31.281839055128316]]",5,九百购物中心大华店,2200
"[[121.42037322034786, 31.281851025104793]]",5,星光耀广场,2200
"[[121.60256310010709, 31.28228905519584]]",5,茴香广场,2200
"[[121.43867741962734, 31.283058464776417]]",5,上海大宁中心广场,2200
"[[121.34366982000618, 31.283297504576282]]",5,恒达休闲广场,2200
"[[121.47812045969147, 31.283320859969727]]",5,深喜迪运商场西南门,2200
"[[121.43823299985311, 31.283485874773326]]",5,大宁中心广场,2200
"[[121.50393372016514, 31.283636715362142]]",5,同济联合广场,2200
"[[121.34589498016933, 31.28369336995312]]",5,白丽生活广场东门,2200
"[[121.34523635987023, 31.283714520208974]]",5,白丽生活广场,2200
"[[121.52085245987311, 31.28374124985885]]",5,环球超市公司黄兴分公司,2200
"[[121.34434823977952, 31.283756100363853]]",5,白丽生活广场西门,2200
"[[121.34526623984517, 31.28392440039083]]",5,白丽生活广场北门,2200
"[[121.47817643979087, 31.283964494865593]]",5,深喜迪运商场,2200
"[[121.47020027971917, 31.285819709911713]]",5,天虹商业广场,2200
"[[121.60605276012689, 31.286566665219453]]",5,源恺国际商业街,2200
"[[121.46139504004906, 31.289285519910884]]",5,搜乐城,2200
"[[121.21807086008224, 31.28975928006679]]",5,嘉实生活广场,2200
"[[121.30392438020604, 31.289796225115765]]",5,南翔商业总公司红光经营部,2200
"[[121.15775339969969, 31.28990931036644]]",5,嘉亭荟城市生活广场,2200
"[[121.1592261600594, 31.289961915310222]]",5,三德商务广场,2200
"[[121.30495218029898, 31.290254370342943]]",5,汇连广场,2200
"[[121.52734902024108, 31.290294734614335]]",5,翰昌天地,2200
"[[121.52735909984267, 31.290294734614335]]",5,上海环球商业广场,2200
"[[121.5315363599151, 31.29106810480924]]",5,杨浦商贸延吉商业中心,2200
"[[121.31446176000223, 31.29200666967214]]",5,骏丰・嘉天下休闲广场南门,2200
"[[121.48696152025796, 31.29205720527584]]",5,复城国际9百度休闲广场,2200
"[[121.53428477981876, 31.292509995040277]]",5,东泰日用百货有限公司,2200
"[[121.31311464032846, 31.292568899735002]]",5,骏丰・嘉天下休闲广场,2200
"[[121.51522764024348, 31.292893439880423]]",5,九隆坊,2200
"[[121.31898209974422, 31.292958194664983]]",5,南翔东方伟业广场,2200
"[[121.60646261985411, 31.293174374597783]]",5,绿地威廉商业广场,2200
"[[121.40638523988699, 31.293181124909026]]",5,梧桐广场西区,2200
"[[121.31426232005012, 31.29319660493944]]",5,骏丰・嘉天下休闲广场东门,2200
"[[121.53980106027075, 31.293254520379882]]",5,上海元觉经贸有限公司,2200
"[[121.41894131978609, 31.2933359252128]]",5,中环・龙群生活广场,2200
"[[121.40706473974603, 31.293350594954042]]",5,梧桐广场,2200
"[[121.51470797958959, 31.293382859931135]]",5,九隆坊北门,2200
"[[121.51610730041156, 31.294363725305743]]",5,东上海乐活广场,2200
"[[121.60661201972908, 31.295583000055444]]",5,万嘉商业广场,2200
"[[121.41386694010724, 31.295821275431585]]",5,宝山日月光中心,2200
"[[121.60636164037751, 31.29605261973272]]",5,万嘉商业广场北门,2200
"[[121.47131141998616, 31.296748589775653]]",5,凉城购物中心,2200
"[[121.31718606008873, 31.296910140390672]]",5,中冶祥腾城市广场5号门,2200
"[[121.31718606008873, 31.296910140390672]]",5,中冶祥腾城市广场,2200
"[[121.31783477975134, 31.297088924714195]]",5,中冶祥腾城市广场3号门,2200
"[[121.31604845996858, 31.297401990409604]]",5,中冶祥腾城市广场1号门,2200
"[[121.31851320042395, 31.29775748971649]]",5,大创生活馆,2200
"[[121.60832129998809, 31.298261129847333]]",5,永乐街,2200
"[[121.4395626600888, 31.299999930352598]]",5,莱赛现代生活港,2200
"[[121.51204236026672, 31.300021889998256]]",5,东方商厦杨浦店东门,2200
"[[121.15844315992399, 31.300106220325866]]",5,安亭玉兰一村商住楼,2200
"[[121.15178135992187, 31.300474949559323]]",5,亚思洁百货商店,2200
"[[121.44847014008499, 31.30062412460373]]",5,绿地中央广场,2200
"[[121.32104759966705, 31.300741844960214]]",5,金域广场,2200
"[[121.51134900005641, 31.30111952964259]]",5,东方商厦杨浦店,2200
"[[121.51052514012315, 31.302456840410933]]",5,巴黎春天上海五角场店,2200
"[[121.51002474024962, 31.302566459674466]]",5,城中城南口,2200
"[[121.51017467971784, 31.302606555048598]]",5,巴黎春天五角场店西门,2200
"[[121.51044467957836, 31.302756630314235]]",5,巴黎春天五角场店东门,2200
"[[121.51177614025679, 31.302788309832714]]",5,百联又一城购物中心,2200
"[[121.5127673999956, 31.30291979970903]]",5,大西洋百货,2200
"[[121.50869382006383, 31.30294549513855]]",5,宝大祥青少年儿童购物中心五角场店,2200
"[[121.50937367965165, 31.30319578455787]]",5,宝大祥青少年儿童购物中心东门,2200
"[[121.51254618026213, 31.303289025368237]]",5,大西洋百货北门,2200
"[[121.51011365981768, 31.30336615482421]]",5,巴黎春天五角场店北门,2200
"[[121.50983358035549, 31.303386000163805]]",5,城中城,2200
"[[121.51181483988304, 31.303397700343652]]",5,百联又一城购物中心东门,2200
"[[121.51124405996539, 31.303436804664855]]",5,百联又一城购物中心西南门,2200
"[[121.51428857985412, 31.3035016952471]]",5,凯迪・新都汇南门,2200
"[[121.51017359963204, 31.303526129827148]]",5,上海五角场万达广场,2200
"[[121.5145988999194, 31.30358210992646]]",5,凯迪・新都汇东门,2200
"[[121.51407798021471, 31.30359124523985]]",5,凯迪・新都汇,2200
"[[121.5116841602958, 31.303647225339255]]",5,百联又一城购物中心北门,2200
"[[121.50869256011364, 31.303935045266165]]",5,特力时尚汇,2200
"[[121.50878255976741, 31.303975049808777]]",5,城中城西北口,2200
"[[121.50817235986659, 31.30400465998718]]",5,特力时尚汇西门,2200
"[[121.5108930599669, 31.304036340404842]]",5,百联又一城购物中心西门,2200
"[[121.50877230030152, 31.30413497984555]]",5,特力时尚汇东门,2200
"[[121.50808199958466, 31.304214540168942]]",5,特力时尚汇西北门,2200
"[[121.5255025798803, 31.30424864965547]]",5,硕和生活广场,2200
"[[121.50827190042789, 31.304364569569223]]",5,特力时尚汇北门,2200
"[[121.51064231998711, 31.304505960082032]]",5,扬族百货,2200
"[[121.5110723398167, 31.304606175134914]]",5,扬族百货东门,2200
"[[121.5107913601332, 31.305375629681656]]",5,国济路休闲街,2200
"[[121.419903419907, 31.3054138796469]]",5,北新生活广场,2200
"[[121.32655560006097, 31.30548025500979]]",5,上海新明六一广场,2200
"[[121.63017096042158, 31.307175674917545]]",5,杨园商厦,2200
"[[121.45298904001221, 31.307438880400113]]",5,佳程广场,2200
"[[121.62989322009608, 31.310726489735814]]",5,上游一条街西门,2200
"[[121.3141114803606, 31.312090034627474]]",5,金地格林食街,2200
"[[121.63552505983375, 31.312417949928523]]",5,上游一条街,2200
"[[121.50160883957629, 31.31265671993176]]",5,君庭广场,2200
"[[121.50384750036184, 31.31414739028984]]",5,上城广场,2200
"[[121.58728236039272, 31.314303449644527]]",5,森兰商都,2200
"[[121.58423999977632, 31.3147018798879]]",5,阳光天地,2200
"[[121.58195831992059, 31.31475083987943]]",5,欢乐汇广场,2200
"[[121.38091830023939, 31.316994585431807]]",5,上坤城市广场,2200
"[[121.38133787983926, 31.317044219914905]]",5,弘基／广场,2200
"[[121.3818075004159, 31.31732375978376]]",5,弘基／广场北门,2200
"[[121.51672722018512, 31.317353774657015]]",5,中原城市广场1座,2200
"[[121.51847754010649, 31.317524775348133]]",5,中原城市广场3座,2200
"[[121.51769705987147, 31.317784155114772]]",5,中原城市广场2座6号门,2200
"[[121.51735685983124, 31.317803954588925]]",5,中原城市广场2座5号门,2200
"[[121.40327159990443, 31.317890085359174]]",5,尚大国际,2200
"[[121.51790676018894, 31.31801419539884]]",5,中原城市广场2座7号门,2200
"[[121.51755647964782, 31.318143929798595]]",5,中原城市广场,2200
"[[121.51755647964782, 31.318143929798595]]",5,中原城市广场2座,2200
"[[121.44262734007975, 31.319285940194092]]",5,城市新汇,2200
"[[121.22012430009644, 31.319624114961037]]",5,新世界生活休闲广场,2200
"[[121.62664584013355, 31.31970705044005]]",5,东海岸商业广场,2200
"[[121.62596634027442, 31.32055746015879]]",5,月亮湾商业中心,2200
"[[121.5145015204289, 31.32116068491773]]",5,民京路商业街,2200
"[[121.46760558003356, 31.321966365055715]]",5,景瑞生活广场,2200
"[[121.46701013980612, 31.322418929989688]]",5,第六区,2200
"[[121.43632301969171, 31.32268492516917]]",5,宝业购物广场,2200
"[[121.38221628005742, 31.322821274981855]]",5,锦秋新天地,2200
"[[121.43092805958239, 31.322870729600567]]",5,大康生活馆,2200
"[[121.38543342031623, 31.323018644694784]]",5,锦秋花园新时代广场,2200
"[[121.43904605982792, 31.324257000360348]]",5,东美商业坊,2200
"[[121.25500271959993, 31.324511879919406]]",5,和盈商务广场,2200
"[[121.52118888006285, 31.32474313518759]]",5,金年华街,2200
"[[121.52052864008479, 31.32476270983127]]",5,金年华街南门,2200
"[[121.52171880018247, 31.324903379987063]]",5,金年华街东门,2200
"[[121.44331511999694, 31.32523606529223]]",5,宝山金街5号门,2200
"[[121.44330017955978, 31.325429430324043]]",5,上海宝山万达广场4号门,2200
"[[121.44157758034115, 31.325451210105307]]",5,上海宝山万达广场3号门,2200
"[[121.44134232039184, 31.32565771513154]]",5,宝山金街,2200
"[[121.44175595996964, 31.325853465165324]]",5,上海宝山万达广场,2200
"[[121.44175595996964, 31.325853465165324]]",5,上海宝山万达广场1号门,2200
"[[121.43131829969977, 31.325867369583477]]",5,北斗星商业广场,2200
"[[121.44366342023066, 31.326041564666546]]",5,上海宝山万达广场6号门,2200
"[[121.44251844027386, 31.326171749626603]]",5,万达百货上海宝山店,2200
"[[121.44331854011864, 31.326378344584988]]",5,上海宝山万达广场2号门,2200
"[[121.44011579980443, 31.327790624637622]]",5,宝山购物中心,2200
"[[121.26368681969106, 31.328656289556214]]",5,永润星辰休闲广场,2200
"[[121.4028102602854, 31.328770499858678]]",5,宇业生活广场,2200
"[[121.43965049957089, 31.328887275027768]]",5,宝山购物中心西北门,2200
"[[121.62010086026659, 31.328980380040534]]",5,高东商业广场,2200
"[[121.27752233988421, 31.329065294927474]]",5,百有精品商城,2200
"[[121.26404646037594, 31.329246014591952]]",5,永润星辰休闲广场东门,2200
"[[121.26996035988283, 31.329461295202712]]",5,百金汉商业广场,2200
"[[121.58384418026483, 31.329831195353492]]",5,百益家社区休闲广场,2200
"[[121.40199126028851, 31.33107593980278]]",5,东方国贸新城,2200
"[[121.40233146032874, 31.33207584022791]]",5,东方国贸百货批发市场北区,2200
"[[121.61386691992247, 31.33407546031431]]",5,高东镇商业街,2200
"[[121.4856493203599, 31.336064505272738]]",5,盛世财富广场,2200
"[[121.27732470037475, 31.338374670254893]]",5,弘基／诚建广场,2200
"[[121.44123467963686, 31.338858105317364]]",5,红太阳商业广场,2200
"[[121.5819358197823, 31.339250414774902]]",5,外高桥购物中心,2200
"[[121.48675290002647, 31.339446479571478]]",5,海伦精致生活广场南门,2200
"[[121.48654211962321, 31.339575810175575]]",5,海伦精致生活广场西门,2200
"[[121.48668251998245, 31.33973618987327]]",5,海伦精致生活广场,2200
"[[121.47612659976275, 31.3401762452376]]",5,淞南购物中心,2200
"[[121.47435054034517, 31.340471130238548]]",5,淞南小五角广场,2200
"[[121.47557471999741, 31.340984400309885]]",5,淞南购物中心西北门,2200
"[[121.47606630021963, 31.341325680435823]]",5,淞南购物中心北门,2200
"[[121.47548435971548, 31.341763890391256]]",5,祥腾生活广场,2200
"[[121.5867976204139, 31.342070294808295]]",5,外高桥休闲广场,2200
"[[121.47504263970612, 31.34265232524467]]",5,祥腾生活广场西北门,2200
"[[121.58736767997452, 31.34306983460518]]",5,国际商品广场,2200
"[[121.47534359962754, 31.343252985137255]]",5,祥腾生活广场北门,2200
"[[121.83246900034418, 31.34345107520702]]",5,兴海日用百货床上用品专卖门市部,2200
"[[121.5895782603285, 31.343999669748996]]",5,国际商品广场东门,2200
"[[121.27419684031204, 31.345384095099973]]",5,天林商业东门广场,2200
"[[121.575179519919, 31.345454115415123]]",5,上海高桥三联商场,2200
"[[121.27359744036957, 31.345454610042303]]",5,天林商业广场西门,2200
"[[121.4309557802851, 31.345699769728633]]",5,上海三毛国际网购生活广场,2200
"[[121.47600581991273, 31.345723980377407]]",5,三湘海尚财富街区,2200
"[[121.2733675799499, 31.345854614998572]]",5,天林商业广场,2200
"[[121.57717247962631, 31.346116289834953]]",5,华帝商厦南门,2200
"[[121.3693446604278, 31.3462520550883]]",5,万尚生活广场,2200
"[[121.36758695977042, 31.34626393513254]]",5,绿地正大缤纷城,2200
"[[121.57691219963843, 31.346266050337974]]",5,华帝商厦西门,2200
"[[121.57667189988828, 31.3465158451302]]",5,华帝商厦,2200
"[[121.57509995959552, 31.347853965288344]]",5,舜建悦桥广场,2200
"[[121.5754505998654, 31.348064340097295]]",5,岁金3D广场,2200
"[[121.56946074002119, 31.34916661484744]]",5,高桥・红坊,2200
"[[121.36221791992118, 31.35051197994401]]",5,昊元生活广场,2200
"[[121.38363900033971, 31.352706809571657]]",5,依云・长街,2200
"[[121.25764980029804, 31.35323159995845]]",5,星波购物广场,2200
"[[121.25177154002466, 31.35329266482468]]",5,阳光城・新界,2200
"[[121.57402806034676, 31.35386114967232]]",5,天美购物广场,2200
"[[121.39198001986207, 31.35467861992239]]",5,宝山区顾村供销合作社,2200
"[[121.39198001986207, 31.35467861992239]]",5,宝山区大场供销合作社,2200
"[[121.25587031985948, 31.35511138538221]]",5,台北时尚风情街,2200
"[[121.36779593973087, 31.355170694771786]]",5,菊太新城南门,2200
"[[121.36761630015228, 31.355750834833202]]",5,菊太新城,2200
"[[121.40762561992656, 31.3565327548828]]",5,自然居商业街,2200
"[[121.25975885978357, 31.358409704744112]]",5,明发商业广场,2200
"[[121.41482129976325, 31.358596859957217]]",5,绿地石库门公元1860,2200
"[[121.23765647996264, 31.366494135096296]]",5,嘉福汇,2200
"[[121.42872143984266, 31.367276594739153]]",5,北上海商业广场,2200
"[[121.43775185986055, 31.367744459838967]]",5,世华国际广场,2200
"[[121.25528783976208, 31.369795920445426]]",5,绿地嘉尚国际广场,2200
"[[121.43104001978111, 31.370857154634038]]",5,北翼社区商业服务中心,2200
"[[121.2924792598101, 31.378063049869922]]",5,戬浜供销公司综合商场,2200
"[[121.43471831979465, 31.38104645992626]]",5,大F广场,2200
"[[121.27509126015353, 31.381390259952575]]",5,嘉乐・东润广场,2200
"[[121.24383767956539, 31.381802279851392]]",5,东方商厦（嘉定店）南门,2200
"[[121.49663436018761, 31.382081055296524]]",5,星月国际商务广场C3座,2200
"[[121.24424754019188, 31.382382015217864]]",5,东方商厦（嘉定店）,2200
"[[121.49617265994043, 31.382559630422627]]",5,星月国际商务广场,2200
"[[121.49617265994043, 31.382559630422627]]",5,星月国际商务广场C1座,2200
"[[121.24394747959249, 31.382761905037995]]",5,东方商厦（嘉定店）东门,2200
"[[121.4900618403817, 31.382902260430996]]",5,诺亚新天地D幢,2200
"[[121.4900618403817, 31.382902260430996]]",5,诺亚新天地南门,2200
"[[121.49624286011996, 31.38310966477927]]",5,星月国际商务广场C2座,2200
"[[121.48971065961928, 31.383221175317047]]",5,诺亚新天地C幢,2200
"[[121.48971065961928, 31.383221175317047]]",5,诺亚新天地西门,2200
"[[121.49130618013614, 31.38403545027589]]",5,诺亚新天地,2200
"[[121.49130618013614, 31.38403545027589]]",5,诺亚新天地A幢,2200
"[[121.49130618013614, 31.38403545027589]]",5,诺亚新天地B幢,2200
"[[121.25068614015333, 31.384070819712598]]",5,城新天地,2200
"[[121.24060758007582, 31.385661074698874]]",5,罗宾森购物广场南门,2200
"[[121.24355687974625, 31.386490514925327]]",5,嘉定商城,2200
"[[121.24135728011447, 31.38654068990097]]",5,罗宾森购物广场,2200
"[[121.24352681990683, 31.386830355236775]]",5,嘉定商城东门,2200
"[[121.24106730001597, 31.38705049488444]]",5,罗宾森购物广场北门,2200
"[[121.43077613980714, 31.387167629782404]]",5,丽都广场,2200
"[[121.24604627961223, 31.387329944821147]]",5,清河商场,2200
"[[121.24656612013041, 31.38802960478249]]",5,中鸿百货,2200
"[[121.71904092000253, 31.39018312495135]]",5,前卫商业广场,2200
"[[121.68713070032167, 31.391486054637802]]",5,辛泓广场,2200
"[[121.68674136042544, 31.391906715222746]]",5,凤凰商城,2200
"[[121.23328337992419, 31.392245294684635]]",5,日月光伯爵天地,2200
"[[121.48631424040994, 31.392994724926673]]",5,华贸商场,2200
"[[121.4847181802999, 31.394400750194535]]",5,安信商业广场C区,2200
"[[121.48451729963367, 31.394680335029463]]",5,安信商业广场B区,2200
"[[121.48501877959299, 31.394911905060432]]",5,安信商业广场E区,2200
"[[121.48318170027527, 31.396437315329912]]",5,安信商业广场A区,2200
"[[121.48318170027527, 31.396437315329912]]",5,安信商业广场,2200
"[[121.48383366019527, 31.396669335021812]]",5,安信商业广场F区,2200
"[[121.48638138019655, 31.397837399676327]]",5,北翼生活馆,2200
"[[121.48042931975736, 31.4014517551944]]",5,宝乐汇生活时尚中心,2200
"[[121.35032585985063, 31.403593214555265]]",5,美兰湖奥特莱斯,2200
"[[121.47938459981953, 31.403609774671388]]",5,北翼商业街－牡丹楼,2200
"[[121.47938459981953, 31.403609774671388]]",5,北翼商业街－中心楼,2200
"[[121.47938459981953, 31.403609774671388]]",5,北翼商业街,2200
"[[121.47827057992336, 31.40409676475396]]",5,田W生活广场,2200
"[[121.46406515957952, 31.404634650169008]]",5,宝松广场,2200
"[[121.48425972030984, 31.405144859847425]]",5,北翼商业街东门,2200
"[[121.48425972030984, 31.405144859847425]]",5,北翼商业街－友谊楼,2200
"[[121.4238546003096, 31.405149989580423]]",5,金悦・生活广场,2200
"[[121.47797862041702, 31.405396545014625]]",5,黄金广场,2200
"[[121.47235920031684, 31.405680044598434]]",5,创邑／幸福湾,2200
"[[121.47712524023768, 31.406504624888527]]",5,宝钢商场西门,2200
"[[121.47732576027569, 31.40675531990216]]",5,宝钢商场,2200
"[[121.47470514033002, 31.40859843007358]]",5,吴淞口百货批发分公司,2200
"[[121.338946440326, 31.414741244812674]]",5,罗店购物中心,2200
"[[121.42349190013115, 31.419241785080338]]",5,月浦购物步行街,2200
"[[121.42402776027302, 31.421059830247017]]",5,月浦购物步行街北区,2200
"[[121.41014615971758, 31.421266110442694]]",5,万尚生活广场沈巷店,2200
"[[121.39760825961358, 31.450994775388644]]",5,盛桥休闲街,2200
"[[121.80588192001468, 31.49887441492239]]",5,名岛生活广场,2200
"[[121.62100193958797, 31.540471065087623]]",5,堡镇商业广场,2200
"[[121.39067232017149, 31.62199382975149]]",5,货郎先生义乌小商品直销超市崇明店,2200
"[[121.39143246043975, 31.62262292980443]]",5,8壹广场南门,2200
"[[121.3920827997814, 31.622672745051197]]",5,8壹广场,2200
"[[121.39138260022689, 31.623022440133603]]",5,8壹广场西门,2200
"[[121.3917926398185, 31.625159804881193]]",5,上海博澜精品商厦,2200
"[[121.41124848033317, 31.626864180237774]]",5,百联崇明商业广场,2200
